code,name,region,income_change_gbp_per_person_full,displaced_per_1000_workers_full,income_change_gbp_per_person_epd,displaced_per_1000_workers_epd,people,workers
E14001063,Aldershot,South East,-74.4027293615131,1.7233232316192302,-73.08598174928326,1.6825516531878613,118403.77555273584,63577.57152414718
E14001064,Aldridge-Brownhills,West Midlands,-60.24726924920247,1.4689693573457367,-59.18716405913755,1.4318254707337037,96751.92292585541,43081.98979920036
E14001065,Altrincham and Sale West,North West,-338.8189192596892,10.521717041908518,-336.9780481370382,10.45532652920659,105088.11024531497,50382.96258772259
E14001066,Amber Valley,East Midlands,-55.9234703710285,1.2464758518974743,-54.97989125536304,1.21659421983621,97141.49034335604,46513.28034501219
E14001067,Arundel and South Downs,South East,-156.60572894797082,4.473655251566062,-155.39096462530546,4.430429639862126,99605.116251071,45274.8426459864
E14001068,Ashfield,East Midlands,-42.04680848095781,1.0043648609209952,-41.251361542207064,0.9780095286273325,103759.40539436064,46295.63193132469
E14001069,Ashford,South East,-82.2539957300283,1.8715730680808962,-81.2692122418549,1.8383992538011924,111387.83632031607,52110.72783115988
E14001070,Ashton-under-Lyne,North West,-38.45621605641543,0.9704918193061274,-37.71741996331908,0.9464100339992362,105500.52282280196,46886.51675873695
E14001071,Aylesbury,South East,-142.73095616810315,3.681374182981083,-141.2081066586655,3.629943554795042,115632.47557606142,58474.057321084125
E14001072,Banbury,South East,-160.55492355805887,2.856174284019487,-159.30606753246482,2.8199457866313433,99073.51754809065,54745.24005965013
E14001073,Barking,London,-52.1944355735462,1.211423976576649,-51.47157838018265,1.185393922705843,139310.89944859833,58935.86837018862
E14001074,Barnsley North,Yorkshire and the Humber,-55.24756984275318,1.3709620674250023,-54.44726726703083,1.344521823543321,113099.42558145832,51591.492672745866
E14001075,Barnsley South,Yorkshire and the Humber,-53.504737821007694,1.2730471237295884,-52.69363359869664,1.2460946097976697,109855.95097409765,49317.94467443251
E14001076,Barrow and Furness,North West,-60.8249347506069,1.785293729163053,-59.68620993048689,1.7469775393199984,101923.97331782972,50956.47999647184
E14001077,Basildon and Billericay,Eastern,-229.0480477969421,6.8059413250719025,-227.63226160796626,6.752692833827384,112293.80916632243,50658.91167890857
E14001078,Basingstoke,South East,-198.44907465203556,5.083818187648718,-196.72346882268334,5.028561333279719,113216.06745857892,61362.19472128179
E14001079,Bassetlaw,East Midlands,-75.78921473294099,1.6161136703134638,-74.9545184807205,1.589137360820713,110420.98444584923,51165.85866098026
E14001080,Bath,South West,-44.1193698756663,1.20091690464995,-43.165525920367074,1.1666462001911577,111972.85985945235,49246.45732444251
E14001081,Battersea,London,-172.79554636101184,4.367164379278679,-168.56942572472204,4.23052349217408,120413.32063196463,69991.8562503049
E14001082,Beaconsfield,South East,-374.94372390557004,10.406607433582769,-373.21671721100364,10.350964960859038,94226.81800544234,49694.718131522175
E14001083,Beckenham and Penge,London,-366.6273516372299,10.565659719896155,-364.07359871404384,10.474816403040009,114508.16587953275,58249.87035937268
E14001084,Bedford,Eastern,-55.27040055978628,1.292078516404164,-54.23298703194329,1.2574815909563428,110543.10949490721,52806.61069394197
E14001085,Bermondsey and Old Southwark,London,-245.84609136889372,6.797360147427945,-241.8861735165542,6.660359160175636,120830.83950517418,65368.66912658792
E14001086,Bethnal Green and Stepney,London,-78.78988254309118,2.2247710201044417,-76.18936903481101,2.126938870051907,147000.21263731882,71830.37595239375
E14001087,Beverley and Holderness,Yorkshire and the Humber,-47.346260805187946,1.2619937094233826,-46.22516407453336,1.2219729145016318,93363.09102388774,41631.525829723374
E14001088,Bexhill and Battle,South East,-86.32133020212943,1.9928131739630275,-85.2532757970981,1.9535908240006057,94465.09076001847,40265.96939967831
E14001089,Bexleyheath and Crayford,London,-177.62750213314845,4.110459852992253,-176.11255367617932,4.06189984741039,105875.5743578934,55794.75822613138
E14001090,Bicester and Woodstock,South East,-142.58149006095536,3.368732512108199,-141.1897335680805,3.3262095012570465,103176.58792331986,55609.44799011575
E14001091,Birkenhead,North West,-38.86590088181781,1.0643631454674167,-38.05023758843059,1.0331310721742173,111698.07006329704,43845.430051540745
E14001092,Birmingham Edgbaston,West Midlands,-27.01638664639077,0.7686506668126496,-26.07886787808714,0.7320659635008949,120616.64058185593,48825.02240888554
E14001093,Birmingham Erdington,West Midlands,-39.72279463576406,1.061405655545773,-39.12669849111059,1.0399774690277548,127123.1151422118,50759.22954885872
E14001094,Birmingham Hall Green and Moseley,West Midlands,-32.95788769219188,0.8846088002170078,-32.30218929838849,0.8599370585946599,123606.90196356221,48542.92391808497
E14001095,Birmingham Hodge Hill and Solihull North,West Midlands,-28.34245168300289,0.9013009118938777,-27.771099564828894,0.8771482754774369,128199.55002089441,42987.961165467714
E14001096,Birmingham Ladywood,West Midlands,-28.59341864070913,0.8049945906962354,-28.063811135143997,0.7833899359211196,164381.66665377814,59513.033253193724
E14001097,Birmingham Northfield,West Midlands,-40.82177942874824,1.1136384013952934,-39.94652593945375,1.0805827109501362,109179.78350007364,44304.780846877875
E14001098,Birmingham Perry Barr,West Midlands,-39.69459103806693,1.1219859213412495,-39.12860185049329,1.0992623113945368,128882.25008404485,46156.81040429118
E14001099,Birmingham Selly Oak,West Midlands,-32.1951084528624,0.8748212158146559,-31.477338921998307,0.8476520099539003,113519.4899862276,44564.213585846665
E14001100,Birmingham Yardley,West Midlands,-30.697407204085742,0.9382375849376775,-30.117969314957005,0.9160447751176691,116268.85523831654,42756.249070602345
E14001101,Bishop Auckland,North East,-69.67871295883164,1.7350170343476434,-68.65139617991797,1.697067110932865,97912.3734132679,42482.89220497159
E14001102,Blackburn,North West,-31.038305613351596,0.8932771192715827,-30.404579763054173,0.8710533417532617,114965.31811116738,46656.33504786788
E14001103,Blackley and Middleton South,North West,-31.113153999542845,0.9260802175251424,-30.475591893309126,0.9028748179442053,117489.68759790318,46129.58149327984
E14001104,Blackpool North and Fleetwood,North West,-42.771107635259604,1.17436591583887,-41.819875994691394,1.1401721961475166,99832.65334162553,42886.4979709279
E14001105,Blackpool South,North West,-38.72496998959096,1.0774927480501657,-38.10280564663126,1.0552026059962019,114770.92644307754,45420.41799462351
E14001106,Blaydon and Consett,North East,-59.250033777204,1.417040228786731,-58.1282033357631,1.3782942933690432,97227.66406474423,44576.83241369181
E14001107,Blyth and Ashington,North East,-42.16618296747992,0.9941860111417177,-41.311981575313844,0.9668120726106417,108445.71368564115,50822.196099538254
E14001108,Bognor Regis and Littlehampton,South East,-50.48731079035022,1.2225852255972034,-49.66112355706348,1.194266142987086,106468.00405489588,46095.651661594944
E14001109,Bolsover,East Midlands,-40.35459340710158,1.0554697296421034,-39.608181994253734,1.0300575777595318,107651.27259123643,45760.59316299873
E14001110,Bolton North East,North West,-33.56473895664633,0.8895140719496242,-32.89639387555441,0.8666559279704193,119214.4869278952,50190.690977915314
E14001111,Bolton South and Walkden,North West,-48.02596232220983,1.1259139264662639,-47.37814667071627,1.1034256398108373,126247.02372817208,52591.751718254316
E14001112,Bolton West,North West,-44.09690129840658,1.0234415554485325,-43.23082614214914,0.9959267259483509,104193.44248910436,48994.546169161535
E14001113,Bootle,North West,-52.644639854301225,1.250165494633185,-51.75650957134972,1.2192969494424541,105170.67519943314,46716.45870319847
E14001114,Boston and Skegness,East Midlands,-43.490861925312345,1.0076764806747478,-42.850759276877724,0.9870860264719046,122021.84127361435,54024.67199330904
E14001115,Bournemouth East,South West,-68.4992209562515,1.4661449160612325,-67.56948839790333,1.4360991397912848,109576.7482256607,52643.69949400464
E14001116,Bournemouth West,South West,-56.22860441066762,1.2953961060151444,-55.43783377487786,1.2691456517500832,109706.7467731497,50068.362305050934
E14001117,Bracknell,South East,-166.65746727891064,4.281319978871582,-165.01391798989795,4.228683688141128,107307.15714488365,56985.98643422252
E14001118,Bradford East,Yorkshire and the Humber,-29.69836472585835,0.9544378193205642,-29.20067487733775,0.9350255682964518,127276.06846494779,44895.782329173184
E14001119,Bradford South,Yorkshire and the Humber,-34.25925319927904,0.9553019811175234,-33.64329604174096,0.9331170505696095,116009.21664183933,45369.75888323752
E14001120,Bradford West,Yorkshire and the Humber,-24.664470097340825,0.8617990367687569,-24.166057169956446,0.840533243824679,127549.80939770429,41942.373787072094
E14001121,Braintree,Eastern,-146.61314916444255,4.008289642071749,-145.4254997059741,3.9683607238333742,108380.53203862041,52812.516030968676
E14001122,Brent East,London,-90.76316593069308,3.045808475580614,-89.37405847276484,2.988768250332505,149456.48548837996,62855.1387609321
E14001123,Brent West,London,-88.57345793773446,2.0540865731224414,-87.34981469202076,2.0097545079911354,133372.7999099992,61703.60725720767
E14001124,Brentford and Isleworth,London,-382.4158119950031,11.012314869179752,-380.2475040974495,10.938615519827698,128100.38822062656,67085.69448361266
E14001125,Brentwood and Ongar,Eastern,-443.6276454160394,13.485587247706906,-442.08685823263346,13.43099919779578,101833.6068483312,48293.138305207445
E14001126,Bridgwater,South West,-88.78071307805962,1.9670908757848824,-87.85616960091843,1.9357676179773162,101736.11821189866,46554.12758533507
E14001127,Bridlington and The Wolds,Yorkshire and the Humber,-82.35397410487307,1.9073893868448955,-81.3367534530845,1.8711478030272246,95857.55067089376,41240.85652762756
E14001128,Brigg and Immingham,Yorkshire and the Humber,-43.378004966357295,1.0758729971618133,-42.19612903424335,1.0345557765811422,95027.54831404821,43364.78889561842
E14001129,Brighton Kemptown and Peacehaven,South East,-47.886654376314205,1.231454731973098,-46.93001797509227,1.1952384557962588,105009.91838540151,43313.66976104025
E14001130,Brighton Pavilion,South East,-33.177067137165416,0.8556253511284245,-32.139706558920984,0.8163939689085108,121869.02264747885,52453.52223664486
E14001131,Bristol Central,South West,-40.01188718236344,0.8669965142960406,-38.63570800585519,0.8213497552004485,106402.87616589211,54316.97796181215
E14001132,Bristol East,South West,-48.55087941031934,1.0619407507215153,-47.53210923421479,1.0294138570984661,117644.11607139723,59251.37769503801
E14001133,Bristol North East,South West,-84.11811986402456,1.9624615177923468,-83.12158314564965,1.9318062598916712,102835.4161816106,51508.06360894711
E14001134,Bristol North West,South West,-105.1541887884556,2.35220008502429,-103.91751863136862,2.310969913907333,113257.38236810734,56183.80073296709
E14001135,Bristol South,South West,-64.64382729968438,1.598345645166223,-63.663418690481514,1.5665099420746114,103756.34603879669,49776.89445165526
E14001136,Broadland and Fakenham,Eastern,-49.75719216755558,1.2277580286215564,-48.82793898071151,1.1941112156208689,99370.54493142926,41880.96562502164
E14001137,Bromley and Biggin Hill,London,-285.8533492711708,8.709543984971273,-283.2953688210969,8.61551945184522,103661.02842536737,50837.317364045026
E14001138,Bromsgrove,West Midlands,-79.48063016855357,1.9742857136095706,-78.2393524852344,1.933634104895398,105207.08783788802,51959.71872666075
E14001139,Broxbourne,Eastern,-148.83531548524869,3.9323677703996816,-147.37588659838087,3.8814526464105574,110696.55558009373,53778.2891731716
E14001140,Broxtowe,East Midlands,-42.17468439299435,1.0499595099083634,-41.1331346951546,1.0150122084665636,102279.49870529317,47640.78755328302
E14001141,Buckingham and Bletchley,South East,-372.3090546851527,10.079363352625586,-370.93632264801,10.03691503427257,107185.3984008115,57124.04176448929
E14001142,Burnley,North West,-49.242767509007415,1.2291828368609226,-48.489720170058376,1.2028955437169515,109489.48492561787,46808.1718618637
E14001143,Burton and Uttoxeter,West Midlands,-73.04989736410785,1.44098318384759,-72.22428356191485,1.4157334220052062,115484.71883283817,56507.87212457665
E14001144,Bury North,North West,-39.716200620087754,1.0241042319325846,-38.83038381262241,0.9934522489472762,109699.6701376821,48298.801110982655
E14001145,Bury South,North West,-36.301220066052274,0.8910544851434691,-35.42776530308276,0.86312871541019,108613.57587040024,51418.47802436183
E14001146,Bury St Edmunds and Stowmarket,Eastern,-63.52572683543725,1.540646213792053,-62.47339893086788,1.5054579541732083,109535.63485391968,52151.25332815937
E14001147,Calder Valley,Yorkshire and the Humber,-74.05896028608663,1.6410641772670416,-73.05373108214128,1.6069055453799128,106885.58060066422,49499.58375322554
E14001148,Camborne and Redruth,South West,-53.2178316872196,1.3324195527018632,-52.409105869035415,1.3022325901042948,104546.99071028925,42492.48158098703
E14001149,Cambridge,Eastern,-238.25878370498188,6.111048362130357,-236.969023576126,6.072869064538206,114622.49959139228,64067.85607306162
E14001150,Cannock Chase,West Midlands,-42.99992602488693,1.0481219006974956,-42.23742675955734,1.0231747401130444,108599.78820349439,48592.90829097849
E14001151,Canterbury,South East,-27.479403003018447,0.826365472001416,-26.682035982810746,0.794890531070206,122347.61414470701,48101.91405669645
E14001152,Carlisle,North West,-110.2702241255012,2.12839920997467,-109.35392763083316,2.0996161917153344,106214.4918561568,52513.58851078128
E14001153,Carshalton and Wallington,London,-71.6002142879089,2.016159086624335,-70.21911733136218,1.9658565869175757,109667.88226289852,49948.37333145087
E14001154,Castle Point,Eastern,-76.99135260238336,1.9227000697230527,-75.81014100138954,1.8808547330573886,96393.85738182097,43465.57463514297
E14001155,Central Devon,South West,-147.68901763638095,3.0311202714118655,-146.79954158544953,2.9986500644533347,99505.95583201933,41290.240978141184
E14001156,Central Suffolk and North Ipswich,Eastern,-100.53491922569567,2.352372955860119,-99.3146642910294,2.30809215485132,96865.79572476186,42756.09240512457
E14001157,Chatham and Aylesford,South East,-80.26191871659017,1.814317282085967,-79.22967459477707,1.7795316244320292,114573.97279336039,54051.874867032704
E14001158,Cheadle,North West,-105.52424642982182,2.599388328277955,-104.28585686563892,2.558193517515011,97552.62437730652,46607.715526299944
E14001159,Chelmsford,Eastern,-206.94057405232496,6.131185287018012,-205.31906497722045,6.073900954638087,113367.48249456033,55022.92855404105
E14001160,Chelsea and Fulham,London,-155.6159878503856,4.4144474322432075,-153.42299181431815,4.338178266966014,131667.6269003461,68578.90932922496
E14001161,Cheltenham,South West,-89.36120206128575,2.3646933807196575,-88.09296606640441,2.321496461286926,102072.70878547571,48952.44027951642
E14001162,Chesham and Amersham,South East,-535.1919883000921,16.495357193591996,-533.6963816328681,16.44439630280218,101440.44061024522,49791.7672071147
E14001163,Chester North and Neston,North West,-89.30957950569957,2.5011715116656417,-88.03046093871404,2.45607562699543,95946.85062489848,44646.97013749828
E14001164,Chester South and Eddisbury,North West,-135.96214656059865,3.6815404649151486,-134.60923203199096,3.6349726273883967,95730.72523574659,45613.33891020586
E14001165,Chesterfield,East Midlands,-53.1202406453742,1.2902202809008787,-52.17563815134602,1.2575930099312085,98967.72913663852,43551.91151756617
E14001166,Chichester,South East,-207.10087891407352,5.797784838468559,-205.91849274902265,5.757621528584649,103950.83834689797,50299.95769126901
E14001167,Chingford and Woodford Green,London,-375.3927037205286,10.81062354618689,-373.2898113428462,10.73711051453883,112704.3305717295,57561.03820859018
E14001168,Chippenham,South West,-162.06171980806977,4.255968427013344,-160.84521264830423,4.215306918568195,101169.97880790252,49397.646275963074
E14001169,Chipping Barnet,London,-292.9594123379338,9.34294092649903,-290.91992518471454,9.265343179167749,116262.02900295924,54066.19505345926
E14001170,Chorley,North West,-58.686406583361276,1.2933365062342572,-57.77000169464216,1.2653587429771784,107179.05013535518,53376.63903941599
E14001171,Christchurch,South West,-77.90466365119823,2.0928424994100374,-76.68787479408755,2.043124002968697,88769.7523074908,34770.55708460827
E14001172,Cities of London and Westminster,London,-64.30344483540942,2.0311553683708503,-61.86933049655373,1.9307389512332929,172081.27390765474,77118.91582413937
E14001173,City of Durham,North East,-32.38682762067362,0.939693790014629,-31.48234289450296,0.9037059170012572,113171.21155500962,44941.212218974666
E14001174,Clacton,Eastern,-41.541379168681836,1.298197381856026,-40.654254133030186,1.258391869404821,102046.55452277268,34972.116698863065
E14001175,Clapham and Brixton Hill,London,-384.1008020385928,10.009359175036687,-380.0906782385158,9.878713700343274,116089.82582820598,66563.7716086401
E14001176,Colchester,Eastern,-60.98569203488497,1.2879077734093667,-59.742294310498536,1.2452243445582905,124741.1130614058,60428.95069826196
E14001177,Colne Valley,Yorkshire and the Humber,-111.33935537438191,2.350225147317368,-110.15241701749261,2.3110404915916054,99063.71379112385,48504.43289383061
E14001178,Congleton,North West,-379.261924379535,11.055086087844844,-377.5630730920603,10.998589404884257,89250.33028891578,45557.800186525084
E14001179,Corby and East Northamptonshire,East Midlands,-105.91973011244094,2.075833109090041,-104.80949470462383,2.03954663242464,121118.56267203784,60377.52357768397
E14001180,Coventry East,West Midlands,-35.74848100150616,0.9015287160790246,-35.094977074575056,0.8784998011700688,138585.6018749979,58022.21961637269
E14001181,Coventry North West,West Midlands,-48.35245568180298,1.171324165846725,-47.54067108288263,1.1421748758004722,120512.66800400859,51515.467306869046
E14001182,Coventry South,West Midlands,-28.622882553104343,0.8009779202216053,-27.925788093262515,0.7731388805303709,140382.61160732943,54050.12088835353
E14001183,Cramlington and Killingworth,North East,-82.63753867469354,1.783729014120813,-81.67757792728551,1.7525376805594703,100401.91581559453,47241.34593460162
E14001184,Crawley,South East,-62.2113530701728,1.4108973090692392,-61.091534879154494,1.374489973903734,119750.17177738363,59663.77516058063
E14001185,Crewe and Nantwich,North West,-63.0186622372053,1.3328832707537015,-62.16198380489837,1.3067481234993723,112926.35672588779,56034.77769034029
E14001186,Croydon East,London,-141.33244208860083,3.593549826259369,-139.87441818159888,3.544372150482234,114962.19248421275,57776.13241388183
E14001187,Croydon South,London,-201.3883159111253,5.676739391122898,-199.5511151058894,5.614851084025484,103198.98765363397,52613.385177299955
E14001188,Croydon West,London,-65.23752266275908,1.3925520793480026,-64.12040234633133,1.3539492392655947,134764.98871982464,63937.2806669567
E14001189,Dagenham and Rainham,London,-96.33946982008341,2.1307532070851996,-95.34645823066141,2.095343191308378,124614.09166862276,56197.76389095244
E14001190,Darlington,North East,-63.47085227749473,1.3214739837504765,-62.61331972529554,1.294582876532062,101878.79831925503,48527.32782196176
E14001191,Dartford,South East,-85.60829095975593,2.2012001266759507,-84.07182125155664,2.1472722480306126,113664.4867815848,55062.48544573624
E14001192,Daventry,East Midlands,-230.362601568359,5.7149572839994525,-229.16366714343744,5.678303727646635,108011.44304326558,57450.099839322684
E14001193,Derby North,East Midlands,-58.08277103189539,1.2579510774881855,-57.24210351860199,1.2307667801219242,107768.19050768402,49883.69470744868
E14001194,Derby South,East Midlands,-37.87058751607297,0.988687582589529,-37.22955046263969,0.9660067167233335,125710.99853472126,51399.78873571208
E14001195,Derbyshire Dales,East Midlands,-90.39713174005945,2.2411009031275517,-89.22888856753382,2.199479868610357,94083.46410789085,42810.07710173595
E14001196,Dewsbury and Batley,Yorkshire and the Humber,-31.96626822452281,0.8753305994864866,-31.23487648155021,0.8493904752881082,110064.70517170792,45416.748791294434
E14001197,Didcot and Wantage,South East,-280.33165105564933,7.956662728640826,-278.68550689789805,7.902187263917438,106422.20538805891,54534.829323052065
E14001198,Doncaster Central,Yorkshire and the Humber,-90.05111040426124,1.7952540418194756,-89.29479458030227,1.770734821070675,124756.9444353822,57591.19815320612
E14001199,Doncaster East and the Isle of Axholme,Yorkshire and the Humber,-73.19022833817024,1.7125717414710027,-72.03434361850822,1.6721003645724204,96745.79519963838,44783.41129693884
E14001200,Doncaster North,Yorkshire and the Humber,-56.811437396259265,1.3704048507302768,-55.98078302306062,1.3403243027926823,105982.26167095554,43915.283051725855
E14001201,Dorking and Horley,South East,-389.1491898124199,11.254535941552062,-387.50068112949384,11.198644044250877,97903.9221002411,48950.22484149672
E14001202,Dover and Deal,South East,-47.91027676067597,1.1861620016142678,-47.11414119432556,1.1573645012836271,111014.09676020351,45941.293227782706
E14001203,Droitwich and Evesham,West Midlands,-73.71715868654667,1.6743340011088799,-72.7865177408434,1.6454615730793032,106908.4096591913,52332.92835746952
E14001204,Dudley,West Midlands,-52.873053371957475,1.3496992839191884,-52.01230141456899,1.3183605796024533,104753.58548095917,44518.29210543355
E14001205,Dulwich and West Norwood,London,-331.345620554864,9.540614485552167,-327.81216123799055,9.415360750013166,114315.43474120987,59437.41036524644
E14001206,Dunstable and Leighton Buzzard,Eastern,-101.1867893293264,1.8885916683894681,-99.87932437207385,1.8481950626236445,115811.194289233,61783.92830030664
E14001207,Ealing Central and Acton,London,-769.5108175001096,22.060606357182913,-767.1106644338652,21.978769001012004,137769.38752170993,73954.05787468619
E14001208,Ealing North,London,-107.04562578797712,2.1443882064720667,-106.07540040686126,2.1136508297870873,122862.72566828673,60886.815529109255
E14001209,Ealing Southall,London,-90.78405969365446,2.161759702355474,-89.36885426431769,2.115413292484722,121628.71622900947,62747.904398112216
E14001210,Earley and Woodley,South East,-238.1703233155014,6.468344458330116,-236.2561600136454,6.405144959317393,106373.06036384635,56164.04274204775
E14001211,Easington,North East,-40.00438669959263,0.9877454789942873,-39.19482310987438,0.961485808895264,98951.08466521531,44594.475559459555
E14001212,East Grinstead and Uckfield,South East,-132.6960767646314,3.4062529444625884,-131.35482847124325,3.3592044899113884,101759.35513511878,47370.80949483841
E14001213,East Ham,London,-46.56422130772964,1.096547631473049,-45.50237443946673,1.0554805698142828,140124.37272300696,59195.3819320245
E14001214,East Hampshire,South East,-202.62724868458704,5.276704928770186,-201.21297837030676,5.226584751674867,93326.80769144496,43183.24828903039
E14001215,East Surrey,South East,-345.3363192619453,10.084421299713567,-343.6379782196633,10.026545514360308,103038.16329592242,51456.287153317186
E14001216,East Thanet,South East,-53.68528136482017,1.418071812471959,-52.81766593643457,1.384145451296704,111377.44152379065,43563.49445027866
E14001217,East Wiltshire,South West,-65.16843059528539,1.6193865869139246,-64.1757195134129,1.5871772310920775,107135.34524512356,51096.9464248835
E14001218,East Worthing and Shoreham,South East,-95.71225273413816,2.10219152623045,-94.62282820987693,2.0618490893514925,104782.26949147607,44864.177274034504
E14001219,Eastbourne,South East,-47.78661366608765,1.2146345267818248,-46.995820589783186,1.1845750116250606,107345.52242362728,42328.479460192655
E14001220,Eastleigh,South East,-169.94311183569184,4.005557434563522,-168.54753470441398,3.960932527707055,98327.91992308028,50459.055885161244
E14001221,Edmonton and Winchmore Hill,London,-40.31760495257929,1.0710409229095448,-39.417351696866575,1.0344072680232683,138086.26368654438,54239.62490502768
E14001222,Ellesmere Port and Bromborough,North West,-73.25679267577367,1.7467054591368152,-72.04462163577146,1.7060356741160196,97342.49717055119,46830.594495501864
E14001223,Eltham and Chislehurst,London,-399.1211003398987,12.53805793738942,-397.12259876547023,12.463197387939113,114982.75184399907,54037.54490799789
E14001224,Ely and East Cambridgeshire,Eastern,-109.54395005955513,2.647593581605572,-108.12276940379346,2.601680370933624,109883.1439481622,56794.308074793735
E14001225,Enfield North,London,-36.652512083536465,0.9914233894553287,-35.77384940906823,0.9576673185257215,135359.65524474278,55396.97638495444
E14001226,Epping Forest,Eastern,-362.84315687272687,11.222529989412328,-360.9274545117698,11.152465892769614,106922.74820087025,51125.35404445507
E14001227,Epsom and Ewell,South East,-358.50976130249694,10.62524758753149,-357.0536374921438,10.575176903397725,112464.43609194353,55416.6670415752
E14001228,Erewash,East Midlands,-46.286465403695075,1.0571019614099857,-45.47710544909077,1.0334017298217646,104731.19209813618,52468.513451657556
E14001229,Erith and Thamesmead,London,-43.722250109231204,1.0212094470578186,-42.54965491017298,0.9791357286226099,150533.2539479392,70490.82471913716
E14001230,Esher and Walton,South East,-357.21436337259377,10.911974721624116,-355.5792378182947,10.855882431825156,106544.91638327719,52596.17273697868
E14001231,Exeter,South West,-34.60586877788833,0.8556110423294992,-33.83923654962163,0.8295544930596823,111713.02839985526,49131.63301869108
E14001232,Exmouth and Exeter East,South West,-56.5263443147646,1.4026711665957439,-55.4847349816005,1.365564724909406,100593.30697536012,43960.064927361156
E14001233,Fareham and Waterlooville,South East,-99.24986529401316,2.28301406974838,-98.089517107188,2.2443526574995842,101312.2428239207,48200.974570339284
E14001234,Farnham and Bordon,South East,-376.34824461036607,10.583655740813297,-374.9624097460895,10.537538314387676,102354.58456624162,50872.74858744019
E14001235,Faversham and Mid Kent,South East,-82.6682547602102,1.8235064362942663,-81.50117187336912,1.7870860263573407,104001.14046876889,53319.15147338275
E14001236,Feltham and Heston,London,-56.960278862712585,1.113858152276602,-56.05993543557782,1.0857654419928306,131078.9051349282,65378.11382737354
E14001237,Filton and Bradley Stoke,South West,-64.5876041139211,1.4059132749675842,-63.48832568326275,1.3712555697274171,115791.40201228554,59115.357217772646
E14001238,Finchley and Golders Green,London,-410.0408013316998,14.199802124641863,-407.8595288438592,14.110602882201446,140153.7748870218,61665.40182148952
E14001239,Folkestone and Hythe,South East,-69.14575036049285,1.7400990281573752,-68.04233166765816,1.6961218019855813,100902.48728697459,40590.35544919431
E14001240,Forest of Dean,South West,-115.07265912220468,2.4563598127106303,-114.06074008552983,2.4210033657008054,96623.18284085821,44021.51011699657
E14001241,Frome and East Somerset,South West,-81.33753236667144,1.975345561896334,-80.21149891600439,1.9353156353505105,95085.58141202512,42142.42850526745
E14001242,Fylde,North West,-145.24567842443005,4.574575518083202,-143.95967042916172,4.530156312273104,98093.2017681491,48632.06953689775
E14001243,Gainsborough,East Midlands,-92.92971812192656,2.0732112616377054,-91.86988462085023,2.0376453414522215,99970.37784133267,47238.18309947915
E14001244,Gateshead Central and Whickham,North East,-38.79936606171843,0.9619056118526852,-38.03701197524765,0.9376729557808313,108649.95248341304,49862.3245198051
E14001245,Gedling,East Midlands,-73.36370301829513,1.537364502595299,-72.46597032015043,1.508845714685167,106859.16954361773,51386.23825275025
E14001246,Gillingham and Rainham,South East,-85.26278293882496,1.7440772279183427,-84.36885578266804,1.7165807570160496,107789.08357254943,52825.22083386168
E14001247,Glastonbury and Somerton,South West,-62.01433037576887,1.5913978078689173,-61.00000910786867,1.5554403714809237,95465.59112459832,41342.018157862476
E14001248,Gloucester,South West,-58.58807399768732,1.2166000755891944,-57.7825358533012,1.1917627444766021,117598.00588346724,56665.42737506528
E14001249,Godalming and Ash,South East,-598.1826342132065,17.849795856773355,-596.6367758545858,17.798488767822352,100577.96430635625,50982.0618816014
E14001250,Goole and Pocklington,Yorkshire and the Humber,-69.61422027837423,1.6264461192840869,-68.56451192801757,1.591272733753856,106289.07077700079,50460.54090516374
E14001251,Gorton and Denton,North West,-34.77321614969649,0.8860473884940326,-34.12225472590578,0.8640905996746474,121952.8847646848,52355.668579916775
E14001252,Gosport,South East,-50.058710610259574,1.1526982675713702,-49.13724262774323,1.1224974463800779,104320.04956373511,48256.50953556487
E14001253,Grantham and Bourne,East Midlands,-65.0695475755641,1.4572205725661906,-64.04127357390853,1.4230214919760649,102166.40522289196,47633.288862630856
E14001254,Gravesham,South East,-119.92924153013855,2.296166335144441,-118.92140324076124,2.2630179809979962,112638.53514057497,53718.65371896296
E14001255,Great Grimsby and Cleethorpes,Yorkshire and the Humber,-47.49591811182526,1.0608201267002504,-46.7736634617382,1.0376380026552716,115283.85299664437,52535.80995067906
E14001256,Great Yarmouth,Eastern,-66.67815124689797,1.55494809399332,-65.79872424840681,1.5230916571466226,104219.60886287724,44505.20341248595
E14001257,Greenwich and Woolwich,London,-211.92106577710737,5.777323835930976,-208.97745892394707,5.676949787940633,127332.93193041842,68520.7789750139
E14001258,Guildford,South East,-248.61844895169511,7.720668506288083,-247.0947423705173,7.66615401574454,110788.03447180445,53009.06943835694
E14001259,Hackney North and Stoke Newington,London,-104.8931436235191,3.2506966502034156,-102.50112111809915,3.1556065702850837,133347.4281700313,60875.08808603138
E14001260,Hackney South and Shoreditch,London,-173.5106225295308,5.0202568119792,-170.27452990197557,4.900215572323846,135437.4913574022,67870.40974378298
E14001261,Halesowen,West Midlands,-48.630156712170226,1.187361222568628,-47.767878114776636,1.1587809425278075,96473.68143288488,42804.643027077414
E14001262,Halifax,Yorkshire and the Humber,-41.47263217641902,1.0933485114430095,-40.85620175128688,1.0720555213456096,115739.34388394993,47216.27172878285
E14001263,Hamble Valley,South East,-81.53870972899936,1.7904337074838859,-80.48904157132802,1.757732944782179,107621.19750616181,54164.43322449966
E14001264,Hammersmith and Chiswick,London,-311.8283403532659,8.643930649181197,-308.97190820825585,8.547692745348824,121084.21375222382,65629.21231667488
E14001265,Hampstead and Highgate,London,-190.8733903162315,6.549591003583996,-188.25407865675862,6.4393692625714865,154671.50515493396,67739.03153086317
E14001266,"Harborough, Oadby and Wigston",East Midlands,-83.58103978451858,1.7780456541085448,-82.5321106399526,1.7434041069083628,102592.56747359732,48204.33617471221
E14001267,Harlow,Eastern,-64.17678118175871,1.3836956388908688,-63.14720000156041,1.3521828158033833,110620.61912002492,56621.681289379936
E14001268,Harpenden and Berkhamsted,Eastern,-377.94136298612966,10.783806975245625,-376.07924851404135,10.720315343966622,99835.91330709349,50394.72338194702
E14001269,Harrogate and Knaresborough,Yorkshire and the Humber,-152.57115402389533,3.321591827916652,-151.35109515852577,3.282863234167231,104812.04589591845,53687.369354179595
E14001270,Harrow East,London,-121.06530764515416,2.72447301278709,-119.81695227586313,2.6788308784987964,117573.78111337195,52881.881982143714
E14001271,Harrow West,London,-171.02051384093355,5.131371096023776,-169.55561212952315,5.077309729730385,126166.19914135098,58435.18482518712
E14001272,Hartlepool,North East,-36.13616455666872,1.14577150424168,-35.121017809057214,1.1061157630823728,100733.12713617427,42696.86705327661
E14001273,Harwich and North Essex,Eastern,-162.95164284786378,4.973067557612474,-161.77176893515283,4.928053864234024,103049.41228590978,44510.30423823011
E14001274,Hastings and Rye,South East,-40.1804163342108,1.2208032929598585,-39.36008548944947,1.1876540047599933,111608.40474056423,43755.782592217874
E14001275,Havant,South East,-81.61467325805276,3.0176669539436394,-80.70000199163377,2.9772305105198815,105348.73701657499,43996.7102601707
E14001276,Hayes and Harlington,London,-46.555605563544326,1.0980838152182915,-45.65325221421969,1.0653720614163789,137080.31446122617,59585.820784447256
E14001277,Hazel Grove,North West,-323.6293110464277,10.365654658139201,-322.1491922811902,10.310528251271828,99643.1820939673,48984.419436741344
E14001278,Hemel Hempstead,Eastern,-249.21773662076976,6.77258720785838,-247.49095062234275,6.712072165320884,111549.47386641453,55271.891888454425
E14001279,Hendon,London,-67.89145457740428,1.7987803606223276,-66.2720710676934,1.7359455202348826,138092.10326091238,61602.65750526253
E14001280,Henley and Thame,South East,-764.0844227030691,22.299483098822876,-762.3242205365169,22.240452848934883,96318.0226979898,49054.55031872423
E14001281,Hereford and South Herefordshire,West Midlands,-36.292067197915024,0.9831481997886617,-35.46829355555833,0.9534070219005273,107078.85977294171,44280.01191394983
E14001282,Herne Bay and Sandwich,South East,-92.80263767662267,2.0338198468105935,-91.82106613483565,1.998046311928517,102059.12856082014,43862.40814980933
E14001283,Hertford and Stortford,Eastern,-444.0678898262297,12.779394283952875,-442.3992252803976,12.724323946666921,112267.39155472172,58836.66138405748
E14001284,Hertsmere,Eastern,-247.72219243754563,6.762717637895193,-246.20598705349732,6.713109715284263,107968.20387288535,55806.73062121656
E14001285,Hexham,North East,-156.90059781431728,4.357134392202144,-155.5840456706279,4.3098737525647,96673.92091713802,44585.09524343039
E14001286,Heywood and Middleton North,North West,-35.1709034760095,0.9094477432455795,-34.35601598020531,0.8826005948563278,103994.43522535743,46602.63496940617
E14001287,High Peak,East Midlands,-82.67449319397805,1.7892418860173551,-81.37431074694521,1.7424529570977993,97706.70688329253,45050.156612808416
E14001288,Hinckley and Bosworth,East Midlands,-115.4917990258538,2.3806872042218084,-114.34816956771297,2.344490706593662,103131.04971381166,52361.99389410636
E14001289,Hitchin,Eastern,-512.9495157337312,14.601096470151845,-511.03818253168663,14.538057379734811,103384.27185678942,54243.402096693004
E14001290,Holborn and St Pancras,London,-40.456939058919616,1.3551112115791077,-38.293456980299254,1.2548756300058244,152119.74407856652,59590.37343319443
E14001291,Honiton and Sidmouth,South West,-68.22971595402326,1.675958471164301,-67.19009810879417,1.6371080092852064,93964.59337746873,38917.94856199861
E14001292,Hornchurch and Upminster,London,-180.75681702136384,4.53700924154819,-179.4917304928403,4.495601640553665,112695.19546384955,56128.8950570381
E14001293,Hornsey and Friern Barnet,London,-286.828667093063,8.723612429793372,-283.85077225943144,8.612711961720922,111675.58490141563,54777.031501269674
E14001294,Horsham,South East,-179.2780558285137,4.767410782290717,-178.03350443996877,4.726266559765224,108576.56613041821,53663.71138704976
E14001295,Houghton and Sunderland South,North East,-36.96391793005338,0.9232559958266615,-36.146371676758626,0.8952885844917252,103375.27595605576,45189.40162383157
E14001296,Hove and Portslade,South East,-72.98979514336844,1.661359215165817,-71.37779871992005,1.6046486810233103,111438.6500612577,54579.90517768923
E14001297,Huddersfield,Yorkshire and the Humber,-35.13094673591025,0.9166775496231049,-34.46047327183846,0.8930242320691839,125879.11992236282,52256.530113425375
E14001298,Huntingdon,Eastern,-92.01181139066615,2.081168058310792,-90.84355289889103,2.0436320810124755,112192.65351145457,56814.14687725822
E14001299,Hyndburn,North West,-37.312835095208236,0.9874069801004601,-36.554481727712016,0.9604953518851534,101026.626795277,41458.937100695184
E14001300,Ilford North,London,-61.94423304783719,1.4462891574456536,-60.86633824326671,1.4065372783482195,123554.50319627355,54124.52093509611
E14001301,Ilford South,London,-43.54821966260588,1.0759443126604047,-42.67179053098995,1.0409123092544685,141801.349584533,56419.57246816461
E14001302,Ipswich,Eastern,-75.52999873230988,1.5843290185473924,-74.67846890445182,1.5585979438428332,119782.6806833695,60448.52714955699
E14001303,Isle of Wight East,South East,-44.172551887027645,1.2426601453206554,-43.13299619507554,1.2043227330054411,74813.64411977757,30535.46975027743
E14001304,Isle of Wight West,South East,-62.04809236386039,1.5998807778723863,-61.013467560597036,1.561282655060206,75871.16636892348,30733.718755674097
E14001305,Islington North,London,-412.7801957771495,12.896359515737457,-409.353150856164,12.765024824607638,130373.94358600576,63618.0188843201
E14001306,Islington South and Finsbury,London,-67.46890026982042,1.938901453241371,-64.52606109127613,1.8259092958136869,144817.82596602663,69899.7325190649
E14001307,Jarrow and Gateshead East,North East,-42.3590320990599,0.9833880412075059,-41.48064960332107,0.9553611626187668,100699.65634595201,46963.38852040537
E14001308,Keighley and Ilkley,Yorkshire and the Humber,-77.144280897483,1.76339793370113,-76.17719060980107,1.7266661136044148,100535.6960389256,40716.571473601565
E14001309,Kenilworth and Southam,West Midlands,-226.65916523438028,5.450831511733545,-225.3167315002702,5.409483533273641,95238.17438604597,50082.61931080278
E14001310,Kensington and Bayswater,London,-57.60283440720024,1.7471156642208048,-55.072169396636504,1.6442479415168525,153675.32562395232,70032.18819801028
E14001311,Kettering,East Midlands,-109.53541990532581,2.369076095909541,-108.55036262308354,2.338461696843805,116057.29064694542,59199.4944952997
E14001312,Kingston and Surbiton,London,-277.4127912278019,9.301229152493132,-275.2323192783379,9.21448342497438,125781.07090026306,56417.74884767759
E14001313,Kingston upon Hull East,Yorkshire and the Humber,-62.152880133205514,1.3747536121368238,-61.49504130793546,1.3541453183361363,107896.14520043539,48740.66113491099
E14001314,Kingston upon Hull North and Cottingham,Yorkshire and the Humber,-48.68869335703986,1.0839691245269507,-47.98485866894686,1.0617153837950408,116992.76548994516,54115.06504367056
E14001315,Kingston upon Hull West and Haltemprice,Yorkshire and the Humber,-46.48278162157521,1.0121786029233015,-45.745213064435674,0.990988730001113,111178.50994777109,56515.43200974498
E14001316,Kingswinford and South Staffordshire,West Midlands,-92.77357911940918,1.9113660999133344,-91.70944032530865,1.877404498045422,93671.61241274733,45084.93915697851
E14001317,Knowsley,North West,-54.423042053245304,1.2037831965332817,-53.61183661061001,1.17914548970127,97108.36283969923,46475.85961961135
E14001318,Lancaster and Wyre,North West,-45.72821451768828,1.2425607852719507,-44.79708256045327,1.207658886517913,105513.70834005727,44077.06949783652
E14001319,Leeds Central and Headingley,Yorkshire and the Humber,-28.949671645437533,0.7325267118978109,-28.22798397580235,0.7079682271325555,113985.97843012118,49908.84598275478
E14001320,Leeds East,Yorkshire and the Humber,-54.29860509183582,1.2741168775090013,-53.47386282501993,1.2460405526304803,116240.96783261772,51832.9821272211
E14001321,Leeds North East,Yorkshire and the Humber,-409.261059888517,13.292616110343381,-407.8999688456817,13.24431729055824,99756.10867340075,46967.56883509482
E14001322,Leeds North West,Yorkshire and the Humber,-89.61431896467934,2.221687875471478,-88.34787937388828,2.181244262763977,92110.30031280319,45977.154688226845
E14001323,Leeds South,Yorkshire and the Humber,-27.82200000309654,0.7120869869967732,-27.24362860364469,0.6916834960946997,141976.18007603424,58664.90672380524
E14001324,Leeds South West and Morley,Yorkshire and the Humber,-79.89712666692304,1.546836985485378,-78.81787821429468,1.5158957044746728,99384.837797417,54114.26554251538
E14001325,Leeds West and Pudsey,Yorkshire and the Humber,-78.47654254674524,1.7453997028958699,-77.45302746382542,1.713312191647827,103122.33571218309,51943.801034303215
E14001326,Leicester East,East Midlands,-30.16955795594735,0.8446913310440812,-29.615052592795767,0.8262107945646304,120994.01228734723,50099.693239817
E14001327,Leicester South,East Midlands,-27.977960497323956,0.7664899820935236,-27.418949855294326,0.7461235809886047,127869.38328560625,50685.88510233295
E14001328,Leicester West,East Midlands,-63.27791844142271,1.3028055015536595,-62.64000405121556,1.2823974266383777,128813.18549218249,59577.73719853675
E14001329,Leigh and Atherton,North West,-56.98658318741763,1.2925327581056845,-56.136394979913106,1.266156294543197,116526.70352357483,57636.732290358814
E14001330,Lewes,South East,-61.35820262851474,1.663758571658725,-60.270393126750314,1.6224297035101316,100767.11926613518,42079.36891319849
E14001331,Lewisham East,London,-117.05405510778232,3.203003423760847,-115.27260310134199,3.1386734497801085,126099.36739039456,60900.53891485384
E14001332,Lewisham North,London,-166.67974780171699,4.402882783745409,-164.18985435539184,4.317927050229157,124335.96117103143,66178.242426977
E14001333,Lewisham West and East Dulwich,London,-180.30621848968912,4.9632125323662954,-177.95719127582558,4.880897927220279,108367.46343208796,55357.88926534633
E14001334,Leyton and Wanstead,London,-72.10784350462299,1.8458621577719871,-70.17580788062308,1.7763305489867778,124958.102091914,61357.31031780862
E14001335,Lichfield,West Midlands,-83.11852430667223,1.9822568601918409,-81.88517260686183,1.940935361995181,97292.82114553364,46467.544492076
E14001336,Lincoln,East Midlands,-33.79126183706086,0.8288024064030619,-33.142698556943174,0.8087957087496384,119345.10359195767,55385.34668049074
E14001337,Liverpool Garston,North West,-44.527281620786496,1.0736469497163408,-43.63872563509951,1.044555740748696,99806.00021413591,45047.15091781966
E14001338,Liverpool Riverside,North West,-30.92836198069175,0.7908714894104905,-30.237752361684848,0.765603713558326,137314.7017039789,57202.352178301684
E14001339,Liverpool Walton,North West,-50.68662066075821,1.1659863011697151,-49.98317489870262,1.1428994732567952,105989.6892030159,46089.76249647161
E14001340,Liverpool Wavertree,North West,-33.770676615063216,0.8882107085908314,-33.08681289846978,0.8636804148986986,118017.44226965183,48144.22675201114
E14001341,Liverpool West Derby,North West,-49.72811174146545,1.2440375328644053,-48.994598050614215,1.2196225042908866,102552.30670224338,43901.97409678438
E14001342,Loughborough,East Midlands,-30.58781752432724,0.7890702521232273,-29.81267133075453,0.763178985597364,111106.63439918564,49419.259837992446
E14001343,Louth and Horncastle,East Midlands,-52.10032214819931,1.3666439206794683,-51.23423479172454,1.3315335361982872,100781.14286837017,37613.54844362055
E14001344,Lowestoft,Eastern,-37.28847668183876,1.041001942762175,-36.434814120110715,1.0074440388968662,99888.89872453734,38294.940442045285
E14001345,Luton North,Eastern,-44.1560192646237,1.141126161853812,-43.409982950870116,1.1140188070794255,114871.23493232756,46426.22999695737
E14001346,Luton South and South Bedfordshire,Eastern,-37.94197422042283,0.887801647094868,-37.18395206218108,0.8629902460954416,129051.755216807,58919.1675362261
E14001347,Macclesfield,North West,-143.57667268297973,3.3387771125513948,-142.24466747993665,3.296537428631065,97978.21470230751,50211.59473440611
E14001348,Maidenhead,South East,-361.4051626025718,10.435656675913945,-358.875969583681,10.348232780061778,110150.15354876916,57264.678509317135
E14001349,Maidstone and Malling,South East,-165.78952328678474,4.568310113179259,-164.38642652447203,4.520795305167783,114502.2328355173,56947.99177394598
E14001350,Makerfield,North West,-71.47487597597535,1.517864146573858,-70.54426095600513,1.4884510433247773,109302.40862713529,53575.45977400733
E14001351,Maldon,Eastern,-189.7737371489711,4.730004363491689,-188.5321505808921,4.689247743040186,103111.56912670814,50751.247145784706
E14001352,Manchester Central,North West,-26.080046859064062,0.6778575551023287,-25.397266173262647,0.652964159471116,139772.56415769996,58295.15050052124
E14001353,Manchester Rusholme,North West,-33.81558121826072,0.8336042972062792,-33.15599062528992,0.8103217263058164,127331.20900414174,53963.494140773146
E14001354,Manchester Withington,North West,-59.421760788936474,1.2395912477652895,-57.773319723903825,1.183648098026675,96457.06061878172,48478.486767956194
E14001355,Mansfield,East Midlands,-53.507155935037844,1.188114430833904,-52.78991469042607,1.1652000107274851,111718.05021681444,51005.13659185523
E14001356,Melksham and Devizes,South West,-132.01407394552731,2.711048655763444,-130.5787571197419,2.6622804374408315,97121.72572157353,47560.427053795094
E14001357,Melton and Syston,East Midlands,-67.37948277130039,1.613979623706292,-66.22780495022229,1.5754366745862165,98122.22721525411,46456.692934243765
E14001358,Meriden and Solihull East,West Midlands,-83.90036856550148,2.2421810281242767,-82.78841298919163,2.2050504726710014,103253.14366381722,48695.88843446199
E14001359,Mid Bedfordshire,Eastern,-345.83723267444856,8.696764641447318,-344.2722322025367,8.647636409097018,102509.01996701612,55397.57519454292
E14001360,Mid Buckinghamshire,South East,-525.1285311418172,14.965227800086284,-523.434466973716,14.908428609856866,102218.90890924606,52040.958432478306
E14001361,Mid Cheshire,North West,-325.9439525018687,9.437311064234738,-324.611729270128,9.392802160634334,95950.29930201618,46681.97188829261
E14001362,Mid Derbyshire,East Midlands,-110.89638569315112,2.378862041969601,-109.61497459323093,2.3367264060112074,91566.93172304072,45057.15103036599
E14001363,Mid Dorset and North Poole,South West,-133.920564969087,2.724430209383819,-132.71754605732448,2.683426902278405,96854.53475031155,46369.901032673806
E14001364,Mid Leicestershire,East Midlands,-70.69807704477827,1.4570013754676152,-69.68195063677614,1.425140140029762,105721.46997107654,52668.4220398612
E14001365,Mid Norfolk,Eastern,-114.76817327984038,2.287641408950541,-113.63006703527603,2.2498452542594647,98322.88500517217,47510.34428968107
E14001366,Mid Sussex,South East,-155.6414686523969,4.14608470049294,-154.19148761708462,4.097136492290253,100573.49555463446,49208.00497166709
E14001367,Middlesbrough and Thornaby East,North East,-35.854748122949424,0.9236215656571761,-35.2106819570125,0.901269145946474,120173.3102471694,50081.370681052096
E14001368,Middlesbrough South and East Cleveland,North East,-58.59840691687645,1.3637391341887508,-57.544260253769856,1.3290572511832952,93327.1408736677,43053.974586194556
E14001369,Milton Keynes Central,South East,-102.04918005561746,2.191432725911943,-100.68386270732374,2.1482130266872406,127276.7440002913,67284.10534516236
E14001370,Milton Keynes North,South East,-113.82428213086233,2.5437722226289203,-112.62307538449275,2.5071540499446225,98405.83112530656,51003.97619469632
E14001371,Mitcham and Morden,London,-106.29605991862525,2.2268248919342173,-104.6278499455671,2.1707393130129535,123263.91435710623,63333.01567528474
E14001372,Morecambe and Lunesdale,North West,-93.68031330279892,1.936448997739941,-92.79967925407432,1.9055888942680066,103112.54207052579,44822.97050079446
E14001373,New Forest East,South East,-68.48546774608529,1.7091691924480756,-67.21136451628232,1.6614168102634765,98623.97666356762,42971.376175817764
E14001374,New Forest West,South East,-71.88618176495181,2.2915711996554546,-70.56998908466721,2.243878658759975,85978.3027164309,38838.0428846042
E14001375,Newark,East Midlands,-90.03467643632587,2.297308881385996,-88.89434565213796,2.2586822438834693,110327.889103664,53494.704915488626
E14001376,Newbury,South East,-276.4187388572172,6.890433252056434,-274.9991436334226,6.8457735699910724,102237.63877908082,53560.02574042298
E14001377,Newcastle upon Tyne Central and West,North East,-23.485254624414967,0.6847696316754388,-22.790195091463925,0.6572335589187875,140327.12109413042,53689.669641107306
E14001378,Newcastle upon Tyne East and Wallsend,North East,-35.6641426637128,0.8909205693873629,-34.96252654199425,0.8654822557710296,124699.12317052901,51857.999697817446
E14001379,Newcastle upon Tyne North,North East,-34.22190830738461,0.8975126439330519,-33.40978111763397,0.86775133316869,112340.68045489177,46270.44938787824
E14001380,Newcastle-under-Lyme,West Midlands,-54.71805745553343,1.294570179286842,-53.869122510339814,1.267039732174293,104693.86996172779,48439.9678546338
E14001381,Newton Abbot,South West,-74.69917502614044,1.6430716548500142,-73.74232111563603,1.6111824248187654,96200.47249918089,44175.53015348241
E14001382,Newton Aycliffe and Spennymoor,North East,-45.394850042806844,1.1653853050235015,-44.383036785383965,1.1278656063268069,101328.84724250971,42817.95540410219
E14001383,Normanton and Hemsworth,Yorkshire and the Humber,-50.683676223076624,1.1809686051524457,-49.75466642967033,1.1497600594720143,109662.57432460051,51068.85539474443
E14001384,North Bedfordshire,Eastern,-184.08922604017295,4.285197474748096,-182.69468060459567,4.242693087523966,108142.04292937434,59217.605523968785
E14001385,North Cornwall,South West,-59.10411460951061,1.5214268429750184,-58.29581704923925,1.4894034739782767,103737.18672742187,40012.41895058428
E14001386,North Cotswolds,South West,-103.48249022288206,2.3424103156274385,-102.0666454070489,2.2932467656881608,97462.42238158698,46879.233714809765
E14001387,North Devon,South West,-68.03071501729116,1.5324940750335625,-67.18709920127995,1.5014824018668722,102447.0829667691,42323.0412869724
E14001388,North Dorset,South West,-93.31289357353691,1.926932413131142,-92.2544179524195,1.8910662460840861,96675.8042251159,44303.48122679538
E14001389,North Durham,North East,-46.85733912438724,1.1671039084352062,-45.959420132405484,1.138625621239146,102117.89323201301,48509.595137687036
E14001390,North East Cambridgeshire,Eastern,-56.77849939654379,1.2248812756375864,-55.94543618579914,1.1993350572672241,108400.99888146861,52448.39251683429
E14001391,North East Derbyshire,East Midlands,-48.698891088668454,1.2980280067244028,-47.48799484719466,1.256270995609797,97879.82666049837,46308.22705988855
E14001392,North East Hampshire,South East,-483.4370224043629,13.360490241498512,-481.39593340930816,13.293491741657213,102891.6839089694,54971.63949805472
E14001393,North East Hertfordshire,Eastern,-260.01439775668706,6.295042573309373,-258.62877146268187,6.251422828181972,109233.97251822025,57559.49220421052
E14001394,North East Somerset and Hanham,South West,-84.78658348622434,2.0477579252282276,-83.68957728871744,2.0122357822023074,97408.7463601478,46903.74751472677
E14001395,North Herefordshire,West Midlands,-118.81743725431411,2.5365526653905994,-117.71775817856889,2.496427599856036,96556.607610092,41826.119578261336
E14001396,North Norfolk,Eastern,-51.148328081362024,1.4940611164400919,-49.985664745298045,1.4465841977653806,90550.84611372839,35875.16843707499
E14001397,North Northumberland,North East,-41.429521948969004,1.2662137659626314,-40.437195568945334,1.2253365993139067,95016.26635190268,37242.38228979237
E14001398,North Shropshire,West Midlands,-56.68108381955612,1.4521781905207234,-55.7215703133764,1.4198765358742502,106848.38116713369,51027.03376710263
E14001399,North Somerset,South West,-174.70565994292508,3.4210834706874147,-173.40026796850384,3.380316242233704,98298.66926627533,51260.975678186274
E14001400,North Warwickshire and Bedworth,West Midlands,-45.5974434405548,1.119887505561682,-44.66062500633916,1.0885141027190235,99819.92486249827,45373.780365471335
E14001401,North West Cambridgeshire,Eastern,-161.54289631184503,4.369263957001893,-160.33161054532786,4.328455096473738,113810.24525494108,55676.877939321006
E14001402,North West Essex,Eastern,-423.6309204700066,12.633952251705177,-421.977692208414,12.577325550775612,109880.20814864662,55024.57205997026
E14001403,North West Hampshire,South East,-269.8085667554122,7.056025732567625,-268.3324560888535,7.0087142692184905,110795.03261490379,58451.13517535247
E14001404,North West Leicestershire,East Midlands,-68.5504717859772,1.5131276795087834,-67.4260934734942,1.4782852693961814,104290.17890477285,53306.11668211277
E14001405,North West Norfolk,Eastern,-59.309753985113666,1.437013507898091,-58.443825298116494,1.4062752031029842,106105.25668769474,45038.99309676476
E14001406,Northampton North,East Midlands,-87.08869511511729,1.5841714145427586,-86.24211307544037,1.5590755766408833,127849.93603272323,67012.87835526047
E14001407,Northampton South,East Midlands,-90.3214144368991,1.8523025372460977,-89.23782808191548,1.8190144829093648,113421.18668172849,59156.38998063715
E14001408,Norwich North,Eastern,-65.3025500164037,1.40672387002161,-64.38289832411776,1.3784303495713364,100038.29550558954,49464.99370436056
E14001409,Norwich South,Eastern,-42.281460737196184,1.0047806895310314,-41.44126985368301,0.9762132438014278,108877.84395962929,48910.03652317396
E14001410,Nottingham East,East Midlands,-29.850722577706296,0.8664653803722759,-29.362678871030322,0.8477032508863901,137468.8418155497,51007.658485576874
E14001411,Nottingham North and Kimberley,East Midlands,-37.94076884909142,0.9399385068471561,-37.293336214407596,0.9182897070926156,116414.45516666066,49825.348529100476
E14001412,Nottingham South,East Midlands,-22.553735709302497,0.7016048639287292,-21.92627915706393,0.6762903917920555,122160.15261229969,45014.18974936611
E14001413,Nuneaton,West Midlands,-67.7791900337532,1.5564235177456585,-66.8129916690947,1.5261643285210937,104247.83055335857,51820.7311521856
E14001414,Old Bexley and Sidcup,London,-219.02437081942546,6.31229256461187,-217.28595224529107,6.251367652869573,104021.24339792307,51325.45274951211
E14001415,Oldham East and Saddleworth,North West,-56.41647901687075,1.418338616103864,-55.59920996740787,1.38758565396766,112149.84055932544,44726.72934462022
E14001416,"Oldham West, Chadderton and Royton",North West,-33.60103167670069,0.9302848421968037,-32.95931938672792,0.9064381412977466,117900.7846768969,45773.78180581384
E14001417,Orpington,London,-539.4557712887681,17.64591914888376,-537.6934575054491,17.58051322639717,100822.78599351701,46903.845888313816
E14001418,Ossett and Denby Dale,Yorkshire and the Humber,-62.707356451062836,1.3659774654838206,-61.85386641683002,1.337841413249617,102076.65897087938,46034.36474961895
E14001419,Oxford East,South East,-64.49783121084808,1.523458967114738,-63.65564578022561,1.495520861048361,115161.05381115504,53859.804934271335
E14001420,Oxford West and Abingdon,South East,-389.94228221796214,11.606718410803563,-388.52557119895425,11.558088290376539,111293.37606663391,55386.41797731272
E14001421,Peckham,London,-151.97042668932997,3.9695858681660945,-149.8087708301408,3.896266910683053,122845.54350618718,64698.87706377859
E14001422,Pendle and Clitheroe,North West,-56.4952368456606,1.2844342329879592,-55.713366563707496,1.2580574190376188,110778.15716550939,48849.67551433909
E14001423,Penistone and Stocksbridge,Yorkshire and the Humber,-115.96930462099748,3.933209888975324,-114.71247488239652,3.8852884323513845,93118.52442178255,43118.89037771597
E14001424,Penrith and Solway,North West,-112.03805231598173,2.3753730581712422,-111.01560515155784,2.3392935869133336,100077.07775601037,45147.27746582009
E14001425,Peterborough,Eastern,-39.04829199919863,0.9168850318301272,-38.336390434992424,0.8935511346081534,129438.13457613916,58984.3126151589
E14001426,Plymouth Moor View,South West,-43.3333918945215,1.0513224888744575,-42.49934539678375,1.0234212603814805,105257.2427943695,47097.69299207369
E14001427,Plymouth Sutton and Devonport,South West,-37.58691689103192,0.9112115446844095,-36.913332335379906,0.8896412105048551,114893.55553178627,52828.24655155877
E14001428,"Pontefract, Castleford and Knottingley",Yorkshire and the Humber,-63.394939460566896,1.3278003082961058,-62.5423259966573,1.303196136297835,104339.68163620512,53654.77279827795
E14001429,Poole,South West,-102.17910383705244,3.0917209631926,-100.9326311847767,3.047522988926946,101199.93590382236,47552.36543770302
E14001430,Poplar and Limehouse,London,-195.96262681832303,5.598592278034192,-193.32519857139235,5.504716580903025,161369.6887838324,83711.91953719468
E14001431,Portsmouth North,South East,-58.74439222758007,1.390124260351483,-57.83993955396523,1.3617268235484852,105429.62509618203,51370.70039248004
E14001432,Portsmouth South,South East,-28.70672662665284,0.7548067582738907,-28.009374096887203,0.7299942430400673,121365.85606359567,50755.76074377156
E14001433,Preston,North West,-50.934750826257506,1.1296986232421047,-50.296312028724046,1.10953211582016,123198.02531968657,56427.03205159874
E14001434,Putney,London,-372.17018169533316,9.925607942243902,-367.3435175995253,9.763041220986333,120096.89048626676,67656.14857093613
E14001435,Queen's Park and Maida Vale,London,-95.46713188163241,3.488842962250957,-92.67662671648148,3.3584921032575203,158445.15257981978,62906.62586999876
E14001436,Rawmarsh and Conisbrough,Yorkshire and the Humber,-65.10216379456483,1.4340092655336911,-64.22396983189984,1.4046086019401658,99968.67975861806,44709.967301719866
E14001437,Rayleigh and Wickford,Eastern,-175.42536310323652,4.705239473340303,-174.19836122762894,4.665198995508963,103079.1050782627,51948.21778494816
E14001438,Reading Central,South East,-271.9510634360297,7.421259468327538,-270.1786504130625,7.363324355684484,114292.10297244048,60786.35525544433
E14001439,Reading West and Mid Berkshire,South East,-208.81557010422486,5.139201329718041,-207.45528926271362,5.096650688390893,95508.62235973724,49543.66241595907
E14001440,Redcar,North East,-40.98343366900385,1.0979110129566296,-40.03503122766315,1.0626661211389667,100190.49535537604,41551.723914795046
E14001441,Redditch,West Midlands,-103.70572019315597,1.9592798265697087,-102.66212029275042,1.9279006357951114,104321.09013750267,54684.73480563651
E14001442,Reigate,South East,-452.46455400455704,13.247884381666069,-450.5985895862507,13.18347128708739,111588.52757840985,56605.96384458075
E14001443,Ribble Valley,North West,-86.73989998078837,1.9339581114920799,-85.5485952724939,1.8962936321006703,100120.3852060895,51327.84609400876
E14001444,Richmond and Northallerton,Yorkshire and the Humber,-90.08936862146562,2.088435592378961,-89.00582620313055,2.0496607045348343,101759.59529489919,45916.39547981939
E14001445,Richmond Park,London,-472.077483993688,15.087819227461662,-468.8942912222128,14.964881716821347,128200.2925871455,61459.322999890384
E14001446,Rochdale,North West,-52.29389680772042,1.478639696435709,-51.62942634501146,1.4515649876943684,112136.97884221656,39649.61531832815
E14001447,Rochester and Strood,South East,-133.37756650382502,3.478203197624709,-132.16522843144318,3.43586192506136,105520.7102958289,49215.61888253451
E14001448,Romford,London,-78.85384270776406,1.9226135221105245,-77.49683991579555,1.8743074979097845,112067.82743313308,52495.87169509814
E14001449,Romsey and Southampton North,South East,-313.5686693167135,9.5203706647061,-312.3478780786824,9.478314981887786,103466.44438182551,49021.28710205019
E14001450,Rossendale and Darwen,North West,-58.13779980718413,1.3594542654353374,-57.152643804921965,1.326462976595335,105719.08993799276,49653.13840681667
E14001451,Rother Valley,Yorkshire and the Humber,-57.57096280718305,1.3489041625805873,-56.40426177511243,1.3085086787647922,93295.6016013711,42079.47769130462
E14001452,Rotherham,Yorkshire and the Humber,-69.34212833899699,1.5172498901251823,-68.66434961635532,1.494082451675428,117511.6520362836,49807.31821199184
E14001453,Rugby,West Midlands,-117.74283381047316,2.873512578927148,-116.34099476322918,2.8298369665980343,112965.30251377824,61275.59721581362
E14001454,"Ruislip, Northwood and Pinner",London,-417.35456774213213,12.376750565335398,-415.48604061062014,12.310670663985713,102733.1786348953,51032.659244331466
E14001455,Runcorn and Helsby,North West,-66.52652803367027,1.526102815007055,-65.23694707688976,1.4815505188280131,95193.69502770057,44750.439609060035
E14001456,Runnymede and Weybridge,South East,-342.7217091964164,9.949949345916629,-341.07678372307697,9.894948411753624,112343.67350621184,57716.51284021151
E14001457,Rushcliffe,East Midlands,-285.7413161764848,8.567398664641887,-283.9874746756235,8.505995126925843,106264.4674558955,53004.5869676953
E14001458,Rutland and Stamford,East Midlands,-97.29221042017994,2.021119048041159,-96.15826735742084,1.9827722951195295,98193.73178804212,45964.13720140942
E14001459,Salford,North West,-38.06562429481947,0.8478959978885031,-37.05454096976578,0.8165643981121293,125259.78171743774,64383.899358514755
E14001460,Salisbury,South West,-122.9730132512934,3.2216109413107428,-121.54511687901177,3.1733400551751063,95681.86258883413,47383.65042254505
E14001461,Scarborough and Whitby,Yorkshire and the Humber,-38.14287063281814,1.2467012845052012,-37.25363558489986,1.2097452934043729,101489.16627253499,38943.14415813323
E14001462,Scunthorpe,Yorkshire and the Humber,-45.145323229823425,1.0100038634441366,-44.23329345010355,0.980695370301018,111522.3509253128,54092.405836385
E14001463,Sefton Central,North West,-72.26551686210652,1.8381662512960433,-70.624145493869,1.7790002746279105,91432.22952227017,42757.248391211244
E14001464,Selby,Yorkshire and the Humber,-291.60198174088794,8.591098376652344,-290.2328767749756,8.543651393200491,106115.12143176384,52239.9943417836
E14001465,Sevenoaks,South East,-578.911149252706,17.75488185029172,-577.337612991982,17.701288210154488,105354.85463776065,51969.56133356174
E14001466,Sheffield Brightside and Hillsborough,Yorkshire and the Humber,-34.89593290695065,0.9950291434966633,-34.29186520309643,0.9732903236146275,120988.35023326702,47685.14898634741
E14001467,Sheffield Central,Yorkshire and the Humber,-24.816755805628798,0.7551008412469639,-24.21860443509183,0.7315933482678438,115992.53907605044,42698.708089374224
E14001468,Sheffield Hallam,Yorkshire and the Humber,-245.2514382774342,8.527182945711786,-244.00224622944407,8.479446822637042,101997.74179259944,45131.74741131954
E14001469,Sheffield Heeley,Yorkshire and the Humber,-28.80472398924581,0.7729513722697221,-28.16991533731973,0.7518778863641278,115618.40109734524,49695.24842173826
E14001470,Sheffield South East,Yorkshire and the Humber,-35.9372011449815,0.9952996296604986,-35.178354751086104,0.9671701011417375,110752.29200186562,44668.73407587572
E14001471,Sherwood Forest,East Midlands,-58.13610792346764,1.3141952513498714,-57.248570347929004,1.283984716156379,108212.70763923481,48312.385554419336
E14001472,Shipley,Yorkshire and the Humber,-83.31699065589649,1.742167928019362,-82.32404097352749,1.7085566711222995,99063.0837968708,44939.453998848956
E14001473,Shrewsbury,West Midlands,-111.61073320907371,2.1143939950938635,-110.62351754514374,2.0841282495108655,105010.05713279612,53344.29353636096
E14001474,Sittingbourne and Sheppey,South East,-76.8500482558527,1.650557841979007,-76.04096997783058,1.6229414147175338,117730.21564857986,52052.15219196066
E14001475,Skipton and Ripon,Yorkshire and the Humber,-124.41635297401281,2.8362672819432726,-123.3983683725367,2.8000200464531,101818.06671121684,44845.028366224986
E14001476,Sleaford and North Hykeham,East Midlands,-82.66892571492693,1.9428995646872476,-81.58761248389061,1.9074444192667985,99388.12548749708,47303.40779699854
E14001477,Slough,South East,-41.08063787938809,0.92742728176979,-40.103582229506,0.8943140667433809,135485.29632385905,63079.83635872819
E14001478,Smethwick,West Midlands,-45.915769457863185,1.0958274161791188,-45.25379318155965,1.0737530972269769,118794.69863714595,51629.853935478124
E14001479,Solihull West and Shirley,West Midlands,-97.38282145306617,2.5869529759034378,-96.1355278132521,2.546417307403716,97501.49676033351,47846.99614505375
E14001480,South Basildon and East Thurrock,Eastern,-72.20607164457206,1.617101632200294,-71.16395489187923,1.5830991200184452,104625.34250401145,50391.44752450823
E14001481,South Cambridgeshire,Eastern,-324.2675799402536,8.626817592095733,-322.8515690195795,8.58355368411137,104718.11055081798,56740.400571066
E14001482,South Cotswolds,South West,-166.55798570288775,4.498896550093874,-165.20158252700045,4.451376820202837,97719.99321324198,45841.43442560121
E14001483,South Derbyshire,East Midlands,-102.05040502311351,1.9898181972829112,-101.00747131800716,1.957282866398896,104624.07513890398,52768.93442496915
E14001484,South Devon,South West,-39.35318662432211,1.23307661091686,-38.397762696394494,1.194218203026724,92850.62213849308,36204.79566010651
E14001485,South Dorset,South West,-51.34291076341743,1.3224307909857176,-50.419011866266814,1.288096383142958,102354.37317667896,42790.845843369716
E14001486,South East Cornwall,South West,-64.98868296561761,1.5655658592556756,-64.08550138263413,1.5322868742969253,95754.7578961249,40027.509533491815
E14001487,South Holland and The Deepings,East Midlands,-110.0932263170191,2.057258213388043,-109.19378644396811,2.029943867114645,113369.53660042034,57351.9022384816
E14001488,South Leicestershire,East Midlands,-62.41967539592795,1.4034350165126959,-61.442727835844074,1.3737560338901662,105116.77275163174,52862.50470597413
E14001489,South Norfolk,Eastern,-72.901129685251,1.729153979874573,-71.7036860201217,1.6866002419648762,95119.97766138156,42743.13096367986
E14001490,South Northamptonshire,East Midlands,-229.99377019809137,5.936564108464014,-228.5409417457856,5.89032796186557,101521.14333819784,53055.89850038702
E14001491,South Ribble,North West,-55.61176206341628,1.2738328590441987,-54.5095097044513,1.238012845476868,99087.36080385245,48125.32039277202
E14001492,South Shields,North East,-52.698902121511665,1.3609247090009597,-51.82105184296528,1.3283441719601004,97651.45787780921,39461.28378554725
E14001493,South Shropshire,West Midlands,-98.21989981733171,2.2528357468815914,-97.14271790440023,2.21296496142498,100711.76590252391,44079.554202306244
E14001494,South Suffolk,Eastern,-72.70024793384576,1.7665070879309188,-71.5040924818654,1.7256883162343777,97491.48598465452,45891.177811512825
E14001495,South West Devon,South West,-72.18419457007687,1.537533165202008,-71.04383441409654,1.5028939311025467,98254.41532040393,51027.29963765075
E14001496,South West Hertfordshire,Eastern,-375.7652653696416,11.134912501650833,-373.7045117598713,11.062951975255519,103470.56688079232,52050.65942793546
E14001497,South West Norfolk,Eastern,-52.862080767593866,1.2820003743075676,-51.99978250432051,1.2518171869653165,108156.39717720418,46769.622808306056
E14001498,South West Wiltshire,South West,-83.43932701244934,1.6683241821397494,-82.37599201554636,1.635854096636795,100541.82937980231,51486.93456983793
E14001499,Southampton Itchen,South East,-44.26622141088974,1.0127800438431893,-43.5288226995699,0.9894720697366259,114138.9553185909,53044.60731861729
E14001500,Southampton Test,South East,-34.088340078796875,0.7972999186105261,-33.342751171862076,0.7739399933807781,121005.7007271843,57945.80142129502
E14001501,Southend East and Rochford,Eastern,-121.9518487858996,2.817393913608007,-120.8195386177043,2.77494699618418,103248.09405475616,44460.78123864866
E14001502,Southend West and Leigh,Eastern,-93.40217302357043,2.6895503825869476,-92.3277716812399,2.652337802881437,110404.82056638323,50274.823313265515
E14001503,Southgate and Wood Green,London,-209.61580177756176,6.592451672462336,-207.53187539522588,6.513218191122671,134579.99612490652,63137.4517037722
E14001504,Southport,North West,-49.92812431601444,1.1487767187395674,-48.92627739919383,1.1169261867127676,96761.77333479527,46251.29859975455
E14001505,Spelthorne,South East,-162.1613360878418,4.265819181616927,-160.72969867270572,4.219017318928475,103783.11206303535,52753.33343277246
E14001506,Spen Valley,Yorkshire and the Humber,-35.09750601703299,0.9683958368261882,-34.341281552640375,0.941142870787389,102943.23666578734,41403.92761579067
E14001507,St Albans,Eastern,-466.71319014265043,13.015270622441072,-464.286082966033,12.931792399807183,107580.05848273833,55924.34917687971
E14001508,St Austell and Newquay,South West,-47.016733684624874,1.1166720110884667,-46.223499747659694,1.088952536123122,102725.70489983287,43946.989579082685
E14001509,St Helens North,North West,-44.957419319271786,1.0912911856653515,-44.1557739830894,1.0657278406128583,107583.83870673456,49375.96604804754
E14001510,St Helens South and Whiston,North West,-46.23247823981691,1.0548599279166941,-45.28860075040774,1.0249615456745933,100267.31866472244,47850.39178250377
E14001511,St Ives,South West,-71.00721106715928,1.7886368019993069,-70.1499784984657,1.7546051456238032,92896.87791425842,35862.01864433431
E14001512,St Neots and Mid Cambridgeshire,Eastern,-363.38829766120847,9.758400982482843,-361.9501400208944,9.713133131902907,108098.22705403068,57231.45338402959
E14001513,Stafford,West Midlands,-63.10341742040388,1.6089865822583238,-62.01908348697452,1.5738030277741717,101148.29437990898,48793.080673342076
E14001514,Staffordshire Moorlands,West Midlands,-90.805234068543,2.0299553813673743,-89.62929475629805,1.9906220750271002,92784.1849577557,44174.89800077081
E14001515,Stalybridge and Hyde,North West,-54.70242614490064,1.217451493576369,-53.73717315237898,1.1870738260799822,102792.04383487822,50799.42537056573
E14001516,Stevenage,Eastern,-103.4272802130207,2.233250736033732,-102.10482449428957,2.1909006941808045,104063.93076178452,53249.39098193527
E14001517,Stockport,North West,-56.5322426791485,1.1836966877620794,-55.58419736006218,1.154559353295267,111904.37892189127,56634.89789536094
E14001518,Stockton North,North East,-38.95243953332192,0.9794633205381604,-38.0822806489245,0.9498089280304365,102812.61547011696,45270.43422509176
E14001519,Stockton West,North East,-50.85462736168371,1.1767335798115013,-49.78239002147174,1.141605338099157,97006.74588872264,45417.05676772649
E14001520,Stoke-on-Trent Central,West Midlands,-42.974341889769136,1.0658782646373652,-42.31140187759846,1.043307863676619,116163.41439139703,49598.95682885967
E14001521,Stoke-on-Trent North,West Midlands,-46.49984254190412,1.141681745592823,-45.843209367948646,1.1205325001539916,107110.82676814409,47151.351524063946
E14001522,Stoke-on-Trent South,West Midlands,-43.95068292784028,1.0787868360680382,-43.01175966940951,1.04777658554845,98454.70038722293,45094.69898844113
E14001523,"Stone, Great Wyrley and Penkridge",West Midlands,-71.11398637675228,1.7451283924867715,-69.94306891121857,1.7065418807542576,98516.45832177126,47185.26372386774
E14001524,Stourbridge,West Midlands,-49.41462064458547,1.134187838455714,-48.495091691283584,1.103762057374658,98640.9240579354,44841.012947036856
E14001525,Stratford and Bow,London,-35.07065725271414,0.8563177146388489,-33.34799606447221,0.7912398867671011,140464.8974310067,65458.391702073415
E14001526,Stratford-on-Avon,West Midlands,-174.1815966070041,5.159789295796274,-172.5702470038706,5.101731735883107,97882.49740201607,45879.76451616761
E14001527,Streatham and Croydon North,London,-99.34676135221753,2.574684489536842,-96.77168447441068,2.483947191169725,130600.14115060499,67357.99311947264
E14001528,Stretford and Urmston,North West,-69.38881687161368,1.4549993668055676,-68.51343029966216,1.4286013448715733,104856.38894519172,51878.578205352926
E14001529,Stroud,South West,-101.774618968882,2.3001466026239066,-100.55580620600469,2.2565561984524285,99528.84572415518,45209.09460065073
E14001530,Suffolk Coastal,Eastern,-77.18281050620156,1.9102547339322533,-76.01378512613697,1.8657406464822197,96050.99773253575,40551.21361172141
E14001531,Sunderland Central,North East,-46.63387926907312,1.114799131546853,-45.91680396136381,1.0913198426188895,108982.87808398402,48179.880791232776
E14001532,Surrey Heath,South East,-308.8411776210431,8.972912399166741,-307.3194791289186,8.922352461603252,100772.1018210361,50378.89428373199
E14001533,Sussex Weald,South East,-129.4453799324641,3.3504524334418475,-128.15390319237176,3.3009586229208536,95729.50092822754,40737.119280779225
E14001534,Sutton and Cheam,London,-325.5723736165058,9.650463406160677,-323.79739671459413,9.588849175495668,109442.73915824029,54155.038165210455
E14001535,Sutton Coldfield,West Midlands,-122.66930692427296,3.017189347104996,-121.44656888918782,2.9791139985294417,95520.79998484526,48339.99916463036
E14001536,Swindon North,South West,-101.25609608328016,1.9517949859598722,-100.19038703740793,1.9209523158709405,106535.98897956868,57579.07273589575
E14001537,Swindon South,South West,-88.46786363316635,1.6547118052738552,-87.4054954362421,1.6224199612271566,120399.16344942602,63393.77233456282
E14001538,Tamworth,West Midlands,-64.5549764294026,1.529957047561779,-63.60484295666074,1.5002946098618803,103423.8680732408,50463.71473713168
E14001539,Tatton,North West,-406.8457290429573,11.719529836437157,-405.30607260616694,11.669193351193476,98654.6044179839,50750.297144387
E14001540,Taunton and Wellington,South West,-111.87050089944482,2.055008023110677,-111.08716860806837,2.031866706081265,109827.45086616628,54282.09814202121
E14001541,Telford,West Midlands,-52.22140409267844,1.2142059046721183,-51.46452728351795,1.1912930956223848,108322.4454996616,52237.15804436368
E14001542,Tewkesbury,South West,-101.79180757523103,1.9926833652239635,-100.64325159997136,1.9558093873563123,98978.32870570806,49148.75647255266
E14001543,The Wrekin,West Midlands,-62.41268452059011,1.4154653162768789,-61.526664439791894,1.3870872761579431,110575.78098476573,52559.57427026286
E14001544,Thirsk and Malton,Yorkshire and the Humber,-64.616346025358,1.5447703879719434,-63.573769505129135,1.5079822955289193,99754.11054378812,44199.04173111297
E14001545,Thornbury and Yate,South West,-179.86703454857485,3.5352922143120176,-178.56533712642545,3.494898966988188,98386.26997273492,51888.51376856092
E14001546,Thurrock,Eastern,-48.772526215139784,1.0638960683950778,-47.645158169866896,1.0259783421549207,132340.88674080305,64164.86236253808
E14001547,Tipton and Wednesbury,West Midlands,-49.009897640707905,1.1751797421037675,-48.346673867202085,1.1532346928262818,115385.56914125665,49584.72758314833
E14001548,Tiverton and Minehead,South West,-106.14185894216382,2.3764992024285165,-105.08330739131569,2.3386483698585234,93588.93011843323,40582.66141330209
E14001549,Tonbridge,South East,-250.25395121353733,7.109682197860556,-248.8034894438831,7.060496151115281,101157.28264847485,49263.873640043465
E14001550,Tooting,London,-364.5286733977011,9.36673489567133,-357.8074405063221,9.147385924787546,120022.22520298029,70534.37017115472
E14001551,Torbay,South West,-86.87126032508417,1.8261247025719949,-85.96801986995261,1.7943447448365137,104972.01306274514,46548.20486772877
E14001552,Torridge and Tavistock,South West,-43.83184432001456,1.2408940234630976,-42.92581851081779,1.2042009941053506,100148.60260440798,38912.57902116973
E14001553,Tottenham,London,-44.54641744606322,1.0095305872058529,-43.39854433210147,0.9680874135121705,146497.867917645,67708.79417556722
E14001554,Truro and Falmouth,South West,-66.29864573406849,1.4991609811306805,-65.39359696250963,1.4683002352467782,97017.40449281238,43084.963476942685
E14001555,Tunbridge Wells,South East,-369.64632251300094,11.077822368005654,-368.0124724375247,11.021279069989534,113290.41381654218,55982.362398247744
E14001556,Twickenham,London,-490.1579659201443,14.697700382317233,-487.456272722438,14.600546090965883,113706.6916072061,57274.46385473113
E14001557,Tynemouth,North East,-61.103468885000915,1.3552069779742768,-60.050710830698605,1.3233976673912482,98446.0300157369,50267.918918413256
E14001558,Uxbridge and South Ruislip,London,-125.70347360309827,3.4064797694321016,-124.22476035347614,3.3541547132764613,124673.53572187905,60161.30380222753
E14001559,Vauxhall and Camberwell Green,London,-319.4750608274076,8.375101455989665,-315.2475013247332,8.236512536114443,114063.64142846956,65196.094562571154
E14001560,Wakefield and Rothwell,Yorkshire and the Humber,-57.74166512780123,1.3484789766604732,-56.80086738976572,1.3196404438364906,108554.09718678513,54509.10089389756
E14001561,Wallasey,North West,-47.18307332185846,1.081260190212237,-46.41163325148384,1.056523664869219,104584.13241558765,47552.10692665618
E14001562,Walsall and Bloxwich,West Midlands,-26.344849859633864,0.8498261992562697,-25.749152524285158,0.8280350519070061,127815.9012284292,49499.21637470432
E14001563,Walthamstow,London,-81.86871594092604,1.7639687606170116,-80.23532220872846,1.7061457902483153,131124.54988325574,64290.56074765332
E14001564,Warrington North,North West,-80.33884361101948,1.552846176155525,-79.314341375676,1.5217313589087926,102526.84809164765,52640.907182991956
E14001565,Warrington South,North West,-121.52548337003086,2.7505394193170445,-120.21870853221355,2.710575782185049,104982.2399641566,56097.63767691456
E14001566,Warwick and Leamington,West Midlands,-192.9050723920841,4.930047562897527,-191.3467156094911,4.882649775889945,108634.38040947079,60785.31895394976
E14001567,Washington and Gateshead South,North East,-38.46299267652904,0.9509772926161082,-37.48818575053861,0.9176354498398642,100871.28746148321,45856.739849592195
E14001568,Watford,Eastern,-161.92457196135797,4.199594390959072,-160.35171626258042,4.1476712175222445,111979.48579015152,57595.69651915196
E14001569,Waveney Valley,Eastern,-69.75426235959544,1.668410436783402,-68.57832060541953,1.6257000913872255,93342.45505864915,40981.81283416014
E14001570,Weald of Kent,South East,-110.7601028391602,2.6415592743845977,-109.4842317014318,2.5996602274363383,95564.81771999657,46594.11833000681
E14001571,Wellingborough and Rushden,East Midlands,-37.64643563823102,0.8286117942328022,-36.87288851427255,0.8062796528682757,118512.87580652,60686.758994221884
E14001572,Wells and Mendip Hills,South West,-99.70901091279868,1.9611684822669162,-98.64276752182157,1.9257853583215974,91115.7677990584,42525.36124741568
E14001573,Welwyn Hatfield,Eastern,-90.23337073523412,2.6486241923374583,-88.87684934041158,2.5985064496067993,121987.46288836277,55577.25471605832
E14001574,West Bromwich,West Midlands,-41.7892886262262,1.0375848904909417,-41.1273251095866,1.01578792787672,115209.38490569335,49747.25631078751
E14001575,West Dorset,South West,-80.16942141935338,1.8097673825844542,-79.1119115644077,1.7715843328042435,94266.0148273813,40636.84034328624
E14001576,West Ham and Beckton,London,-33.783051516221946,0.8150365040332872,-32.66944641096877,0.7731073798760792,151482.76703090983,67120.57849386973
E14001577,West Lancashire,North West,-47.462617004033525,1.2386155703652209,-46.475155238491745,1.2018390906500969,104649.92266062561,43913.907481063434
E14001578,West Suffolk,Eastern,-51.502201415296646,1.1895141520466117,-50.5513394917161,1.157379580955343,118289.73120270032,54712.964761703006
E14001579,West Worcestershire,West Midlands,-110.26823746960615,2.558368273891135,-109.2235242834678,2.517985158822526,98257.17929848762,39590.87359694041
E14001580,Westmorland and Lonsdale,North West,-132.34725235180957,2.497302261215738,-131.306475013808,2.4639663443641724,95305.2830572042,47041.79060307309
E14001581,Weston-super-Mare,South West,-48.4377147145725,1.1760432497379798,-47.50119109087457,1.1463207046775183,98123.68514027586,46198.20670524875
E14001582,Wetherby and Easingwold,Yorkshire and the Humber,-107.41648854423116,2.4275142136037586,-106.02326234870853,2.379869115817023,94488.01232937616,45701.91243184619
E14001583,Whitehaven and Workington,North West,-48.847180190531326,1.1987921624656377,-47.70646963253178,1.1595433833922892,98228.2984151088,45154.280446397184
E14001584,Widnes and Halewood,North West,-56.73409180984528,1.297916343482253,-55.81304012416913,1.268274716224511,96987.3966854564,44999.29255457029
E14001585,Wigan,North West,-73.60416325522188,1.553170707383961,-72.83046225081854,1.5299040324629332,113276.76605794886,55385.62643078641
E14001586,Wimbledon,London,-448.0966575851898,12.740696677657821,-444.6516236321105,12.622209897558585,114271.11996681204,61330.25006711359
E14001587,Winchester,South East,-310.2187908652669,9.29272236472116,-308.7772447043793,9.242975714724295,107897.76642239408,52125.147013311296
E14001588,Windsor,South East,-290.60834076164537,8.16321670480887,-288.358402609613,8.086600012416227,115439.60741695762,60341.369128152226
E14001589,Wirral West,North West,-60.23009267124553,1.521138496460242,-58.883775801438176,1.4744332699345974,93127.267400676,43365.52407647235
E14001590,Witham,Eastern,-98.22666223201912,2.455444108632837,-97.08906303388306,2.4182796939248385,103579.36517815801,50065.56165746967
E14001591,Witney,South East,-212.1254248418765,5.340549330741442,-210.71259311309916,5.297710263067601,99212.03893573555,53836.959491330934
E14001592,Woking,South East,-312.9410183525425,8.347829253130708,-311.03983176079083,8.286144267161344,104047.76882453119,55761.32830275272
E14001593,Wokingham,South East,-415.3133838683857,11.877924203135404,-413.4628439836059,11.81632519830642,102987.11451913131,53350.39536539077
E14001594,Wolverhampton North East,West Midlands,-49.177730696594246,1.22584433052132,-48.4899207388326,1.202057400571577,109553.98049754478,45420.82397845382
E14001595,Wolverhampton South East,West Midlands,-30.23213253362441,0.8473198771723536,-29.617905047040967,0.8266152496889405,124581.08339521135,52646.78657752297
E14001596,Wolverhampton West,West Midlands,-42.054265378861466,0.9826522134318502,-41.30246752940723,0.9581522745080993,120410.92789750555,54844.58428615949
E14001597,Worcester,West Midlands,-56.94973130012173,1.308707501310268,-56.090933215444686,1.2825986284603512,105708.53136472653,52068.565040569025
E14001598,Worsley and Eccles,North West,-56.49883931361114,1.202194746338596,-55.54555998071689,1.172622090458601,113237.96699532037,56603.926571161835
E14001599,Worthing West,South East,-97.69252275899352,2.113503231077111,-96.59557344916838,2.077159054495857,101398.25634758569,47785.50833771027
E14001600,Wycombe,South East,-175.21239132222925,4.797723043646476,-173.77363887937605,4.750760483356154,108264.7699369358,55170.1893485977
E14001601,Wyre Forest,West Midlands,-126.4035065680625,2.4461851034635296,-125.51186505569333,2.4159403833784143,105928.76097047862,47410.604176063425
E14001602,Wythenshawe and Sale East,North West,-64.08114646551752,1.3223892222124394,-63.10503644986885,1.2905191719150393,115631.34980348786,55151.12034488814
E14001603,Yeovil,South West,-69.42298138732728,1.506262774997507,-68.57227950911228,1.4786403073595138,107305.95801643311,49773.03176562023
E14001604,York Central,Yorkshire and the Humber,-34.04443721529491,0.8484802660803866,-33.20692527865838,0.818428561889268,125402.60992393058,54500.3059623991
E14001605,York Outer,Yorkshire and the Humber,-83.97242990664672,2.172799687922847,-82.76251832513935,2.131721947992879,96803.78240204252,45650.91630864226
N05000001,Belfast East,Northern Ireland,-465.8486364296848,6.269701038336535,-465.7561969423451,6.265689581502556,116888.57572461668,57791.70079282108
N05000002,Belfast North,Northern Ireland,-203.39376583464784,3.194148633521628,-203.29555274795692,3.1891786735185645,114477.9453166713,48537.37630579482
N05000003,Belfast South and Mid Down,Northern Ireland,-327.1168047398412,4.767486244353999,-327.0247882167226,4.7631624357076605,118156.01930512206,53950.21859298559
N05000004,Belfast West,Northern Ireland,-296.9715053832176,4.643340010165974,-296.88099728696096,4.638778757132954,120937.33629601664,51487.4837277304
N05000005,East Antrim,Northern Ireland,-99.33193978386063,1.6520109125974154,-99.24135510370918,1.647162638358808,118961.92746624834,47688.4903041602
N05000006,East Londonderry,Northern Ireland,-51.57392985737047,0.9212332310187177,-51.47464548112818,0.915536044751848,112320.31213534952,41996.857881838645
N05000007,Fermanagh and South Tyrone,Northern Ireland,-81.05286362610279,1.1751853808636596,-80.95656254356044,1.1706954881044225,114700.37648127915,52783.48349409167
N05000008,Foyle,Northern Ireland,-111.8625941632336,1.7426253705716115,-111.75336832752257,1.7371400326648603,104909.40743391939,44820.26584692014
N05000009,Lagan Valley,Northern Ireland,-244.36631315230224,3.2251508834995226,-244.26859364621038,3.2209957016184823,109908.28664427571,55457.42064230638
N05000010,Mid Ulster,Northern Ireland,-66.36244247502991,0.9684141971094722,-66.2630531458298,0.9637542542171953,108988.16190954269,49874.263707164886
N05000011,Newry and Armagh,Northern Ireland,-38.6354449289328,0.5907261027395344,-38.53538715766318,0.5858210536744922,106269.24843246199,46510.72209453802
N05000012,North Antrim,Northern Ireland,-46.777344057950124,0.6825299081216946,-46.66911029486844,0.6774665815221697,101141.37537459185,46386.72118895644
N05000013,North Down,Northern Ireland,-179.87833489601803,2.757613587877299,-179.78990210771303,2.7532450656442125,118384.69849297593,51417.664322533805
N05000014,South Antrim,Northern Ireland,-61.06691126256462,0.886047990887629,-60.97154728464539,0.8815996512490993,113911.74004065961,52395.3697407242
N05000015,South Down,Northern Ireland,-95.57248493984183,1.3756790536294758,-95.46024505635309,1.3704788243026058,98645.68382448399,45681.54699276778
N05000016,Strangford,Northern Ireland,-43.7856939887417,0.7217071531448991,-43.686218803131204,0.7164437287337592,112273.83027436241,45526.35817681413
N05000017,Upper Bann,Northern Ireland,-266.52349365717964,3.2421969509677027,-266.42059042339866,3.238166041897604,103688.92390316696,56793.20695989243
N05000018,West Tyrone,Northern Ireland,-21.626059914917136,0.36842233795020357,-21.537700148722205,0.36361163125372115,121993.9506148604,48075.29727123806
S14000021,East Renfrewshire,Scotland,-1.4958032060917148,0.15321913873429388,-1.4935178649246368,0.15301940588796856,91379.29949487711,39187.373163357464
S14000027,Na h-Eileanan an Iar,Scotland,-1.1732587986630085,0.12202344060584262,-1.1712227728356346,0.12184523226534925,102555.6549583211,43915.599903588125
S14000045,Midlothian,Scotland,-1.5662237837561253,0.15093571053552668,-1.564003546457021,0.15075307941791904,94021.58206926675,42835.65655140396
S14000048,North Ayrshire and Arran,Scotland,-2.170655349402097,0.19278348963123157,-2.168550513829983,0.19262104427321042,99079.91737160785,48141.572810234786
S14000051,Orkney and Shetland,Scotland,-8.953224713882099,0.8973505550857107,-8.946415338136882,0.8967789378502463,30650.58136311084,13420.92714087635
S14000060,Aberdeen North,Scotland,-1.4785172828940547,0.1393514475945412,-1.4764440361151001,0.1391856764418544,100730.11331962589,47230.30096485783
S14000061,Aberdeen South,Scotland,-1.8502815678288909,0.1481747020085352,-1.8481923258525343,0.14802918784952118,99908.00066150771,53804.30061321369
S14000062,Aberdeenshire North and Moray East,Scotland,-1.3416135493316959,0.13992523623736772,-1.3393868723446698,0.13972838261051615,93749.65473322997,39747.69999886769
S14000063,Airdrie and Shotts,Scotland,-5.634560990480255,0.5218696822991308,-5.630283963530013,0.5215278504224151,48861.03346679075,22929.361888994623
S14000064,Alloa and Grangemouth,Scotland,-1.8309037089464657,0.15926328438893544,-1.8288811232013373,0.15910946697654665,103016.26046073381,50811.72741321822
S14000065,Angus and Perthshire Glens,Scotland,-1.2491820056994742,0.12402391393089421,-1.2474823309117533,0.12388191620157096,122820.41961939642,55127.21906618118
S14000066,Arbroath and Broughty Ferry,Scotland,-1.0948110310320804,0.11901995621396494,-1.0932852200765124,0.11887936291442285,136732.0338572337,55651.45790779733
S14000067,"Argyll, Bute and South Lochaber",Scotland,-1.4159620697451423,0.14230469739514276,-1.413916298413486,0.14213138064518746,101989.16694652919,45135.011552869284
S14000068,Bathgate and Linlithgow,Scotland,-0.9517080689977917,0.10248759014231591,-0.9497999004702049,0.10231467288486255,109374.91878493033,45255.46815068221
S14000069,"Caithness, Sutherland and Easter Ross",Scotland,-2.528601084726305,0.19165385547218045,-2.526145667057307,0.19149013394662628,84948.00307074201,47790.98382694555
S14000070,Coatbridge and Bellshill,Scotland,-1.1594263189287675,0.11577398045957547,-1.1575365858439841,0.11561294332261088,110473.47486755918,48596.871385493716
S14000071,Cowdenbeath and Kirkcaldy,Scotland,-1.1284905235254301,0.12172316519948057,-1.1266602161884927,0.12155792441990008,114008.96138870151,47342.62186380256
S14000072,Cumbernauld and Kirkintilloch,Scotland,-1.2303388423231005,0.13784551463951702,-1.2283110058075901,0.13765468338131487,102886.64286226925,40981.92986685368
S14000073,Dumfries and Galloway,Scotland,-2.6123162000545572,0.17969831361722927,-2.609778193678987,0.17954413544744668,82172.17336987625,50775.23520233334
S14000074,"Dumfriesshire, Clydesdale and Tweeddale",Scotland,-0.7924206963304546,0.10960420179492372,-0.790975451750942,0.10943675018897032,144446.88667126617,46728.009909141045
S14000075,Dundee Central,Scotland,-2.0474158539316916,0.1779721197511914,-2.045242773111203,0.17780800822602916,96071.90604662143,47704.30682826259
S14000076,Dunfermline and Dollar,Scotland,-1.5427707969707989,0.14789186055760176,-1.5405607980711724,0.14771199465739146,94482.4297451702,43532.77344384388
S14000077,East Kilbride and Strathaven,Scotland,-1.3991209371755629,0.13167770209368576,-1.3970328621559573,0.13151051390430962,99933.64757856517,46802.609357579066
S14000078,Edinburgh East and Musselburgh,Scotland,-1.115744467406215,0.11050385809570888,-1.1136766125855955,0.11033129157932037,100893.42233535969,45342.52377841259
S14000079,Edinburgh North and Leith,Scotland,-1.3553287740200475,0.13884226880590503,-1.3531084968159701,0.13864729698271636,93808.61731140682,40065.089546770774
S14000080,Edinburgh South,Scotland,-1.1477210795364423,0.12637727619264416,-1.1458956511125251,0.12620901307689703,114402.18559688747,46521.17668618827
S14000081,Edinburgh South West,Scotland,-1.8754433210214987,0.1672428172887319,-1.873133170537229,0.16706411331975785,90325.8582053981,43792.37243751297
S14000082,Edinburgh West,Scotland,-2.608585854857908,0.22251151595154933,-2.606464408360337,0.2223512238141484,98321.86845304203,48791.52151070522
S14000083,Falkirk,Scotland,-1.4334040050917638,0.14169960056818381,-1.4316656664145355,0.14155377287829693,120117.47697064404,53701.084047534045
S14000084,Glasgow East,Scotland,-2.0984840548028156,0.15862060146556567,-2.0966524595565352,0.15849822650225562,113786.92758481458,63869.0330290231
S14000085,Glasgow North,Scotland,-1.0978420544766527,0.11159883638634646,-1.095929902837534,0.1114329680153758,109021.50938590596,47143.60943156715
S14000086,Glasgow North East,Scotland,-1.6277314830776164,0.14745564373915132,-1.6258883542452012,0.14731118274524965,113204.87442928366,54165.984260342506
S14000087,Glasgow South,Scotland,-1.8337954721454237,0.150150035081525,-1.8318953680239929,0.15001372661879572,109708.22013571204,57378.33193147145
S14000088,Glasgow South West,Scotland,-2.7875398876575495,0.20005915408109803,-2.785180710202394,0.19990872711926472,88419.69836351696,52027.22757537359
S14000089,Glasgow West,Scotland,-1.289412537970495,0.12815413347532134,-1.287463146793595,0.12799235379224855,107126.7240518017,48399.09204648318
S14000090,Glenrothes and Mid Fife,Scotland,-0.8592545326298284,0.11044099375158281,-0.8576653537728344,0.11027061027580914,131293.46762757466,45906.946185487745
S14000091,Gordon and Buchan,Scotland,-1.1161173402531859,0.1250638623497432,-1.1144892297574969,0.12491276150568478,128314.50466209499,51840.018738333274
S14000092,Hamilton and Clyde Valley,Scotland,-1.560230893411439,0.1431006621274057,-1.5581375346142943,0.14293565411212708,99687.98754392163,47417.89606862837
S14000093,Inverclyde and Renfrewshire West,Scotland,-1.09769641528139,0.11223795030973259,-1.0957123206825778,0.11206835248133083,105280.90531451984,46147.653286855784
S14000094,"Inverness, Skye and West Ross-shire",Scotland,-0.9337472570879157,0.11140254809886158,-0.9320989765639272,0.11123925340465318,126627.72274775748,47921.951692357965
S14000095,Livingston,Scotland,-1.276908334303348,0.13776873008706544,-1.2747317968235552,0.13757224757579867,95896.4170311876,39820.285663894196
S14000096,Lothian East,Scotland,-2.790261839073109,0.21876151492165338,-2.7877973372786244,0.21859041658012332,84606.34136552765,45713.6088120885
S14000097,Mid Dunbartonshire,Scotland,-2.060916756170097,0.1705458158122435,-2.058704497009584,0.17038628063493677,94306.7257366647,49041.025950523464
S14000098,"Moray West, Nairn and Strathspey",Scotland,-0.9625073146699542,0.10251935322755898,-0.9605874427009614,0.10234709792004852,108742.72038454321,45434.36133886119
S14000099,"Motherwell, Wishaw and Carluke",Scotland,-1.238109884685186,0.12240607439923372,-1.236333693503251,0.12225692773635932,117584.89035174403,52495.210487607685
S14000100,North East Fife,Scotland,-2.1668825378150003,0.17261773303872302,-2.1647216681396655,0.17246744927369465,96377.70014798292,52004.569570092004
S14000101,Paisley and Renfrewshire North,Scotland,-2.1679327567300883,0.17573783989492286,-2.1655420655948285,0.17556627075875106,87180.20713835269,45563.46154577275
S14000102,Paisley and Renfrewshire South,Scotland,-1.3733461110398595,0.13066454828780305,-1.3713701239147233,0.13050340470425698,105565.0791864316,48537.65109902341
S14000103,Perth and Kinross-shire,Scotland,-1.1056461323215543,0.10892073884761533,-1.1038169437401628,0.1087685238802661,114161.71555201884,51440.28252333957
S14000104,Rutherglen,Scotland,-1.4254335885145457,0.13141418364139937,-1.4234689923566421,0.13125949782595772,106242.47890854484,50601.518377229506
S14000105,Stirling and Strathallan,Scotland,-0.781653433193163,0.09518716720931573,-0.7797739813314645,0.09499343910226257,110982.65388552789,40361.897129002566
S14000106,West Dunbartonshire,Scotland,-2.006410412920766,0.17096818091267532,-2.004271750825385,0.1708108670247274,97579.42183086916,49743.35063577359
S14000107,"Ayr, Carrick and Cumnock",Scotland,-1.4067317253579499,0.13862418038573077,-1.4046912033154404,0.13845275557638873,102317.51699099016,45657.2415462931
S14000108,"Berwickshire, Roxburgh and Selkirk",Scotland,-1.5367931867562366,0.13568331287782262,-1.5348044979517659,0.13553275006219376,104931.49254997438,51987.17538762309
S14000109,Central Ayrshire,Scotland,-2.8778596654735478,0.22430499245681113,-2.875290204271939,0.22412938464244758,81125.0325150306,44535.91879622688
S14000110,Kilmarnock and Loudoun,Scotland,-1.3113107653773985,0.13070539457354977,-1.3095133549363596,0.13055243762351945,116105.5856256163,51156.924830435215
S14000111,West Aberdeenshire and Kincardine,Scotland,-1.6195610786989802,0.14731181845766464,-1.6174584252218962,0.1471472311899104,99284.35755582443,47549.20478805785
W07000081,Aberafan Maesteg,Wales,-64.94316294825383,2.7563602170850663,-64.94316294825383,2.7563602170850663,98674.75998207189,44813.54485656565
W07000082,Alyn and Deeside,Wales,-114.39928912851538,4.175390455991829,-114.39928912851538,4.175390455991829,114971.6957862493,56059.159527954405
W07000083,Bangor Aberconwy,Wales,-60.52340527330837,2.9572456327663788,-60.52340527330837,2.9572456327663788,104727.50539645893,40061.362533981024
W07000084,Blaenau Gwent and Rhymney,Wales,-91.21536941462851,3.848604755433768,-91.21536941462851,3.848604755433768,103966.85223761405,44150.29989162266
W07000085,"Brecon, Radnor and Cwm Tawe",Wales,-83.31347292726963,3.8051967977676604,-83.31347292726963,3.8051967977676604,98197.33331446495,39170.08705572758
W07000086,Bridgend,Wales,-97.85646265328728,4.282263119077055,-97.85646265328728,4.282263119077055,102726.0276925342,45172.17296725459
W07000087,Caerfyrddin,Wales,-87.3839969366332,3.12069820987332,-87.3839969366332,3.12069820987332,99622.34557759798,45975.48250924424
W07000088,Caerphilly,Wales,-60.794956160849715,2.7925293720050504,-60.794956160849715,2.7925293720050504,103681.45885246585,43936.05138262606
W07000089,Cardiff East,Wales,-8.25990248687563,0.288681352035429,-8.25990248687563,0.288681352035429,113827.38209911119,47390.959726908004
W07000090,Cardiff North,Wales,-51.872635513660796,1.5327737254859164,-51.872635513660796,1.5327737254859164,98334.65106007035,47544.735090948125
W07000091,Cardiff South and Penarth,Wales,-23.84341255536188,0.9152145122053826,-23.84341255536188,0.9152145122053826,115126.41037038426,48437.89612679612
W07000092,Cardiff West,Wales,-52.81794129106426,1.9071878860549858,-52.81794129106426,1.9071878860549858,111524.8847798123,51584.386158056725
W07000093,Ceredigion Preseli,Wales,-43.09038821241174,2.24437565552209,-43.09038821241174,2.24437565552209,101791.68129776642,39884.687236337675
W07000094,Clwyd East,Wales,-85.11122455350609,3.543027436560064,-85.11122455350609,3.543027436560064,102338.97167330259,43173.96165274184
W07000095,Clwyd North,Wales,-92.46878684889369,4.094399800035291,-92.46878684889369,4.094399800035291,107033.77168853054,44619.57759278892
W07000096,Dwyfor Meirionnydd,Wales,-71.9608104359575,3.1819924555257653,-71.9608104359575,3.1819924555257653,106224.65089024113,39129.280969068845
W07000097,Gower,Wales,-55.33241427349608,2.057691111361505,-55.33241427349608,2.057691111361505,104544.09268122369,47978.72665622712
W07000098,Llanelli,Wales,-68.53133861594571,2.698292930303309,-68.53133861594571,2.698292930303309,100781.58006074817,41576.21676691179
W07000099,Merthyr Tydfil and Aberdare,Wales,-54.97102351079039,2.307417008053159,-54.97102351079039,2.307417008053159,108073.6087407068,45742.32900701397
W07000100,Mid and South Pembrokeshire,Wales,-107.72647482354341,4.904125476534296,-107.72647482354341,4.904125476534296,108670.38087820022,43573.28394541003
W07000101,Monmouthshire,Wales,-78.96510193742289,3.1536075787358597,-78.96510193742289,3.1536075787358597,98645.31685869629,43619.57056034399
W07000102,Montgomeryshire and Glyndwr,Wales,-161.88248821029396,6.466653711734456,-161.88248821029396,6.466653711734456,100074.72225839522,42569.37651618152
W07000103,Neath and Swansea East,Wales,-86.57309106892006,3.8531810667201976,-86.57309106892006,3.8531810667201976,109915.83531780861,44533.99835147266
W07000104,Newport East,Wales,-53.93063221523742,2.171313991147232,-53.93063221523742,2.171313991147232,114709.86679253975,51484.84288836774
W07000105,Newport West and Islwyn,Wales,-98.00344717008531,3.95636483407262,-98.00344717008531,3.95636483407262,116557.21707863956,49542.64901943965
W07000106,Pontypridd,Wales,-54.66161147957403,2.013358049062711,-54.66161147957403,2.013358049062711,108542.44924161202,50769.43686923996
W07000107,Rhondda and Ogmore,Wales,-60.99559852891946,2.50331157494673,-60.99559852891946,2.50331157494673,108961.96904351412,46849.18491249445
W07000108,Swansea West,Wales,-39.684018808055725,1.7435967270585198,-39.684018808055725,1.7435967270585198,113665.19731269017,46994.69052008072
W07000109,Torfaen,Wales,-80.26810666153058,3.122801104915314,-80.26810666153058,3.122801104915314,100022.74568105026,43579.47153101483
W07000110,Vale of Glamorgan,Wales,-46.679656723587215,1.8250691077881491,-46.679656723587215,1.8250691077881491,108996.3998159812,47028.33337795792
W07000111,Wrexham,Wales,-103.91183708829548,4.211594938837957,-103.91183708829548,4.211594938837957,102342.87327561504,48923.031458900055
W07000112,Ynys Môn,Wales,-92.29816656843371,3.7568000139845235,-92.29816656843371,3.7568000139845235,75426.55479733061,32093.13162709206
